Temperature_C,Humidity_%,Wind_Speed_kmh,Green_Cover_%,Building_Density,Population_Density_per_km2,Traffic_Density,Industrial_Proximity_km,Albedo,NDVI,Air_Quality_Index,Solar_Radiation_Wm2,Rainfall_mm,Elevation_m,Land_Use_Type_Encoded
0.8662247052100758,1.0364125803549742,0.1381318201168461,-0.4522033401601539,0.6676166592725773,1.2736413964857514,0.40056676747986447,-0.8718055041670295,-0.9533369763019968,-1.0032596370333984,-0.7683675195651058,1.4601859694881412,-1.6078279289600215,-1.3612498279836847,1.4258883243092715
-0.06287089482682064,0.02509896517669721,-1.1353318084298065,0.38852280649835996,1.2718472098282123,-0.4468991455594153,-0.24779817557249714,-1.6330287002023172,-0.46327941550787344,-0.3081204462948582,-0.8240102046263208,-0.04952683721685748,1.3714880688046547,-0.9675380234450396,-0.7359133044603129
-0.5525293867381583,1.2478690635286143,-1.5165045952056753,1.461790227764548,-0.31619462176031615,0.5117282596518157,-0.454968039033015,-0.0988711820388911,0.02677814528625009,-0.5861761225902743,0.270295934910906,0.5251556689816836,-0.6327790569643092,-1.1772070317792291,-0.015312761537118044
1.1424423160318562,-1.625180979591491,-1.0920167190234578,0.191757112599559,-0.6105633515181897,1.1109738284045263,-0.6928297341173135,-0.9889167650955353,-1.7234274289784766,0.10896306814826617,1.2811380468563103,-0.5113810524565815,1.2147426236611358,-0.8766814531668907,-1.4565138473835078
-1.0421878786494956,0.8755217779402483,1.2036830195130253,-0.30313842053985,-1.1683146289541606,0.24337405940153892,1.6512589061489176,0.849730031482006,1.5669590506392093,0.2943335190118769,-0.2861309157012432,-1.0235980688509332,-1.5087094857075023,-0.19875165955301086,1.4258883243092715
-0.1884243542912661,-1.2758180943480864,-1.447200452155517,0.4004480000679845,-0.3355609855601763,1.5074760256025121,-1.5522010195831657,-0.7429831171456731,-0.04323007768433904,-1.37400053876062,1.4295185403528834,0.2346911413922038,0.19820231030390414,1.2293272527676364,0.7052877813860767
-1.0547432245959403,1.0272188202169898,1.6454969314577819,1.5870047602456034,-1.0133837185552799,1.3794462463641644,0.17037803030151125,0.8028855271106038,0.726860374992141,0.06262045543236344,-0.08210773714345518,-1.2699463442662045,-0.8459989639610075,0.2415532579487874,-0.7359133044603129
-3.2393734192772916,0.2825242490402587,1.740790128151749,1.5571917763215426,-1.7144460881102157,-0.08314325385452472,0.3852208516679743,-1.2582726652310987,1.4269426046980318,0.38701874444368234,-0.2304882306400283,1.4262203594071132,0.806743450272859,-1.61518229363287,-0.7359133044603129
-0.7157488840419375,-0.14498559737601283,1.6628229672203214,-1.376405841806038,1.275720482588184,-0.1987601736099303,1.4632714374532623,0.2407514746537758,0.4468274831097845,-1.0032596370333984,0.5577831410605164,-0.598051919559894,1.702267059658992,-1.4940401999286714,0.7052877813860767
0.8160033214242978,0.6089027339387028,-0.035128537508548816,1.598929953815228,-1.5517686321913906,-1.3757356880115847,1.0105669210025008,-1.4339395566238575,-0.6733040844196404,-0.8178891861697878,1.0492935257679148,-1.5459657273384657,-0.7411178205193883,-1.5522815911326129,-1.4565138473835078
-1.3937375651499428,1.3444035449774496,-1.1786468978361553,0.10231816082737666,-0.9088053540360354,-0.5631071538616277,-0.8501253711891882,0.7326187705535001,1.2869261587568537,1.5919266750571524,-1.4082583977690775,-0.16235512817567418,-1.0603714109955258,0.2275753240598414,0.7052877813860767
1.2805511214427454,0.49857761228289044,1.073737751293979,-0.3866147755272203,0.7218424779121853,-0.12026361459399032,1.428743126876509,-1.2816949174167998,0.09678636825683921,-0.4008056717266634,1.2996856085433819,0.07696577963662607,-1.6274211096029612,-0.5109255164061377,1.4258883243092715
-1.1551859921674967,-1.4642901771767654,1.3422913056133408,-0.8874729054514413,-1.3774713579926499,1.1476213183065465,0.23559817250204476,1.4469974622173858,-0.8833287533314076,0.5723891953072933,0.2888434965979776,-1.5857874770886362,-1.544438226879922,-0.2802896072385291,-0.015312761537118044
0.9415567808887433,0.9904437796650526,-1.6724389170685308,-0.27928803340060143,1.206001572908688,-1.0550110425142276,0.9453467788019673,0.5101073747893392,-1.3733863141255311,0.38701874444368234,-1.6586504805445446,0.03167829952858879,-0.8874904053225272,-1.5639298693734012,-0.015312761537118044
1.1549976619783,-1.5378402582806396,0.4933155532489058,0.6151014843212221,1.7017804861851065,0.829852115543223,-0.9882386134962,0.19390697028237322,0.37681926013919537,-0.44714828444256616,-1.0373071640276446,-0.8479138787766509,-1.4499299437786826,-0.764857982055323,0.7052877813860767
-1.1300753002746073,1.6799757900138779,0.19877294528573458,1.2471367435113103,-0.6880288067176302,1.454869144936709,-1.4255972141350712,0.8965745358534081,1.4969508276686203,0.5723891953072933,-1.6679242613880805,0.6211963595556247,1.528233513948173,0.7773740570250498,-0.015312761537118044
-0.20097970023771083,1.3535973051154342,-0.9707344686856813,0.7820541942959623,-0.7654942619170706,1.0807100948080193,-0.5355340970454388,0.5569518791607414,-1.233369868184353,0.6650744207390987,0.7710801004618403,-1.6357598689319877,-0.5025420326906503,-0.8860000757595213,-0.7359133044603129
0.3640108673522938,-0.9586333695876268,0.4153483923174782,-1.0365378250717452,1.604948667185806,-0.4348409392045571,-1.0496222767437609,-0.7898276215170754,0.3068110371686066,1.3602136114776386,-0.4994278751025671,0.773455990953336,-1.279354018181324,-1.0420870041860848,1.4258883243092715
0.4770089808702946,0.92149057863017,0.7358800539244588,-0.571455275856397,0.1795842915161024,0.09453796331559246,-0.4012573336913993,0.9082856619462588,1.6369672736097984,-1.0032596370333984,-0.026465052082240263,-0.21271792933030167,0.8966415732228185,-1.4497767426136758,-1.4565138473835078
0.23845740788784836,-0.3656358406876371,-0.6328767713161612,-0.2554376462613527,-0.5176048052788613,0.02597169188600632,0.5348435308339039,-0.05202667766748874,-0.11323830065492778,1.7772971259207633,-0.8332839854698566,-1.7060335449617006,-0.26857640501319224,1.3737659029534115,0.7052877813860767
-0.1884243542912661,-1.684940420488389,-0.7714850574164771,0.22157009652361978,1.4810039388667016,1.7322078910984489,-0.9038360765308039,1.6343754797029948,-1.5134027600667093,0.38701874444368234,0.7896276621489119,-0.6187436130575317,0.8505399717100188,-0.3641572105722049,-1.4565138473835078
0.48956432681673934,1.3949692257363633,-0.3469971812342595,-0.3687269851727838,-1.0133837185552799,-1.011270490050526,-1.0534587556967336,0.2993071051180287,1.2169179357862645,0.711417033455001,1.6984581848154223,0.878476095686629,-1.5905398283927215,1.4063810820276188,-0.7359133044603129
0.6904498619598523,1.077784500975904,-0.2170519130152133,-1.4121814225149112,0.9813517528303107,-0.5912429686896302,-0.13270380698332052,0.041662331075315785,0.6568521520215519,0.0162778427164607,0.11264166057079704,-0.14283466261186506,-0.21210194316001277,-1.4567657095581488,-1.4565138473835078
0.703005207906297,-1.000005290208556,1.3942694129009592,0.024804402624818592,-0.6686624429177701,0.07396808188671661,0.1396861986777309,-1.0591835216526388,-0.6032958614490512,0.06262045543236344,-1.3526157127078624,-0.12838951809464613,1.7241653203775715,1.611390779065493,1.4258883243092715
0.6778945160134076,-1.597599699177538,0.008186551897799913,-0.31506361410947425,-0.2619688031207079,-1.2226437543886295,1.2369191792278813,-0.6844274866814202,1.6369672736097984,-0.21543522086305272,1.5222563487882417,0.7828258144239643,1.3864710892963141,0.8635713160068833,-0.015312761537118044
1.0796655862996334,0.58132145352475,-0.9880605044482207,-1.0961637929198669,-1.3774713579926499,0.22445922590372205,0.45427747282148045,0.849730031482006,0.7968685979627297,-0.030064769999442034,0.6968898537135537,0.997941344937141,0.4160323774518821,1.404051426379461,1.4258883243092715
0.025016526798291115,1.1651252222867547,-0.7195069501288587,0.38256020971354776,0.05951283595696997,0.1392242574541848,-1.6135846828307265,-1.5627619436452138,1.1469097128156753,-0.12274999543124725,0.9658294981760924,1.3048030636002208,1.6169790968603122,0.17166358850405752,-1.4565138473835078
0.15056998626273616,-1.239043053796149,1.610844859932703,-0.24351245269172844,-0.6028168059982456,1.4987279151097719,1.0527681894851988,-0.2511158212459487,-1.7234274289784766,1.684611900488958,0.5114142368428373,0.4216972014934952,1.289657726119435,0.12507047554090425,0.7052877813860767
1.1675530079247447,0.03429272531468168,-0.22571493089648317,-0.8218843408185075,0.814801024151514,1.6130444400622026,1.1218248106387045,-0.36822708217445455,0.7968685979627297,1.499241449625347,1.2162215809515595,1.5132816358217023,0.069117826068065,-0.8533848966853141,-1.4565138473835078
0.8411140133171863,1.7029601903588387,0.40668537443620834,0.30504645151098986,1.6204417582256943,0.5987364937417733,-0.8155970606124351,0.8028855271106038,-0.25325474659610603,-1.6520562150560363,0.5299617985299089,0.27451289114237415,1.2723696255521353,-0.014708863348555506,-1.4565138473835078
0.703005207906297,-1.6021965792465303,1.2123460373942945,-1.4241066160845355,-0.15351716584149117,1.254608345278573,0.2739629620317703,-0.3448048299887533,0.4468274831097845,0.8041022588868064,-0.43451140919781633,-1.1333030853195405,-1.4775909046863622,0.03421390526275541,-0.7359133044603129
0.6778945160134076,-0.6138673644132141,0.5972717678241427,0.0605799833336914,-0.3355609855601763,-0.20999085599925907,-0.7005026920232584,-0.520471721381512,1.2869261587568537,0.8967874843186119,0.9565557173325566,1.4578435136204841,-0.9358970869109667,-1.3146567150205313,-0.7359133044603129
-0.36419919754149005,-0.5449141633783315,1.065074733412709,0.30504645151098986,-1.5750082687512228,-1.3617859983069447,1.440252563735427,-1.1177391521168918,-1.0933534222431749,-0.26177783357895545,0.2888434965979776,1.7151232497514883,-0.8171854630155077,0.29513533785641366,0.7052877813860767
-0.48975265700593557,0.5675308133177729,-1.0227125759732998,0.38852280649835996,-0.7538744436371544,-0.0749862319085912,-0.15572268070115589,0.4749739965107874,-0.8133205303608186,-1.3276579260447174,0.30739105828504926,-0.6441202182904836,0.26043947234618336,-0.5505296624248179,1.4258883243092715
-2.034060208418615,-1.3309806551759922,-0.8407892004666351,0.5495129196882884,-1.0792293554748043,-0.3500788415924652,1.5361645375597408,1.5758198492387419,-0.46327941550787344,-1.6057136023401335,0.5021404559993015,-0.5695520398367326,0.22932089132504377,1.0452844565631811,-0.7359133044603129
-1.9336174408470586,0.9444749789751309,1.065074733412709,0.08443037047294015,-1.5711349959912508,0.8105826289173221,-0.9728926976843099,1.3415973273817303,1.4969508276686203,-0.6788613480220795,1.6984581848154223,0.4646422257338753,1.6423349776923526,0.7517478448953155,0.7052877813860767
-0.8161916516134935,0.406640010903047,-0.7541590216539377,-1.149827163983176,-1.1683146289541606,-0.5759928841820154,1.5706928481364937,-0.30967145171020166,0.5168357060803735,-0.6325187353061769,-0.9816644789664297,0.07774659825917817,0.22932089132504377,0.23922360230062972,1.4258883243092715
-0.025204856987487347,0.006711444900728602,-0.9880605044482207,0.41833579042242075,-0.5873237149583576,0.12314664898104045,0.5463529676928215,-1.5276285653666621,-1.7934356519490657,1.684611900488958,0.36303374334626415,-0.7171267594991297,-1.1652525544371448,0.9288016741552979,-1.4565138473835078
1.9459844566043072,1.4179536260813241,-1.629123827662182,-0.8039965504640713,0.7528286599919614,-0.9549988603945209,1.3251581951462503,-0.13400456031744293,1.0068932668744972,0.9431300970345147,0.9936508407067,0.6344702761390149,-0.48986409227463046,0.7424292223026849,-1.4565138473835078
1.5567687322645258,-1.3815463359349063,-1.7157540064748795,-0.5476048887171485,-0.2232360755209877,-0.19013028082655137,0.9069819892722418,-0.6375829823100178,-1.3733863141255311,-0.8178891861697878,1.5500776913188492,-1.5779792908631125,-0.405728669513771,-1.5918857371512931,-0.015312761537118044
-0.1130922786125991,-0.7425800063449947,-0.035128537508548816,0.8059045814352109,-0.7771140801969866,-0.2409638958519342,-1.4140877772761535,0.4983962486964885,0.23680281419801746,-0.07640738271534452,-1.5844602337962579,-1.1344743132533692,-1.0903374519788456,0.4978153792461303,1.4258883243092715
-1.2054073759532746,0.6318871342836636,1.1083898228190578,0.0784677736881279,-0.06055861960216273,0.4649140467447189,-1.51383623005344,0.791174401017753,0.23680281419801746,0.10896306814826617,-0.6107132452249969,-1.3390487923620888,-0.3250508668663717,-0.7741766046479536,-0.015312761537118044
-0.012649511041042618,1.4455349064952774,0.3980223565549385,-0.9709492604388115,-1.5362755411515026,0.9678121823679249,0.8993090313662966,1.4235752100316843,1.2869261587568537,0.06262045543236344,-0.7961888620957133,-0.6242093434153981,1.542063994402013,-1.538303657243667,-1.4565138473835078
-1.142630646221052,1.3122253844945044,1.281650180444453,0.29908385472617766,0.05563956319699789,1.2250539179382343,-0.006100001535226047,-1.1294502782097424,-1.5834109830372982,-0.4008056717266634,-1.0558547257147162,-0.6199148409913603,1.2585391450982955,-0.23602614992353346,-0.7359133044603129
0.60256244033474,1.3903723456673713,-1.3952223448678989,-1.3823684385908503,0.694729568592381,0.6980393696053118,0.29314535679663306,-1.5393396914595128,0.726860374992141,-1.095944862465204,1.1791264575774163,0.4587860860647326,-0.42186423004325097,0.35570638470851285,-0.015312761537118044
-0.1884243542912661,0.32389616966118817,-1.1613208620736157,0.2752334675869291,-1.0095104457953077,-0.6159504699461535,-0.2899994440551953,0.8263077792963048,0.5168357060803735,1.4528988369094442,0.835996566366591,-1.337096745805708,-1.4660655043081623,0.23223463535615674,1.4258883243092715
0.4644536349238499,1.6615882697379094,-1.3605702733428198,1.7420322766507195,0.34613502019489917,-1.3315222647104379,1.363522984675976,0.6506408879035461,1.0769014898450862,-1.188630087897009,-0.16557176473527757,0.4911900589006556,1.4671488919437135,0.3277505169306209,0.7052877813860767
0.11290394842340286,1.7029601903588387,0.9091404115498537,-0.04674675879292724,0.609517567872997,-1.6229289182861788,-1.548364540630193,0.7794632749249023,0.5168357060803735,0.4797039698754878,0.18683190731908358,-0.14088261605548416,0.5151508207044015,-0.4387061913132501,-0.7359133044603129
0.2259020619414036,0.236555448350337,-0.7801480752977468,-0.16599869448917037,-0.45563244111930895,-1.649291467473761,-0.6736473393524507,-1.6564509523880184,-1.303378091154942,-0.5398335098743716,-1.2876992468031117,-0.17328658889140713,-0.47718615185861046,-1.47540295474341,-0.015312761537118044
-0.36419919754149005,-0.06224175613415392,0.051501641304148645,0.07250517690331588,-1.1063422647946084,-1.0859840823669027,-0.2784900071962775,-1.4690729349024092,-1.6534192060078874,-0.07640738271534452,-1.5102699870479714,1.3422823574827338,-1.5306077464260819,-1.738654042985226,1.4258883243092715
-0.5399740407917135,-1.6895373005573815,1.4549105380698477,-1.2690790996794192,-1.3000059027932094,-1.536157119614944,-1.2798110139221142,1.0488191750604658,-0.9533369763019968,0.2943335190118769,1.5871728146929924,0.6329086388939101,-0.9877613886128663,1.6719618259175923,-0.015312761537118044
-0.37675454348793436,0.9168936985611781,0.9264664473123931,0.38256020971354776,1.6475546675454984,0.6462600129050381,-0.05597422792386942,1.4235752100316843,0.02677814528625009,0.618731808023196,-1.1485925341500745,-0.8287838225241181,-0.3619321480766114,-0.5901338084434982,-0.015312761537118044
0.6653391700669629,-0.1403887173070206,1.2643241446819131,0.9549695010555148,0.694729568592381,0.3533165291075994,-0.7081756499292037,1.0253969228747646,0.37681926013919537,0.3406761317277796,-0.9631169172793581,-0.11706764806763692,0.24660899189234362,1.4413259167499837,1.4258883243092715
0.012461180851846389,1.3857754655983794,-1.1699838799548854,-1.0126874379324966,0.43909356643422787,1.0203008453243667,0.7842146627771199,-1.1528725303954435,-0.11323830065492778,-0.6788613480220795,0.9936508407067,-1.409712877703078,-0.20288162285745273,-0.10789508927486202,-0.7359133044603129
-0.22609039213059984,-0.9356489692426659,0.5279676247739846,-1.1975279382616735,-0.11865771100174304,-1.7333442588296848,-1.3872324246053456,-0.06373780376033948,0.09678636825683921,-0.3544630590107607,0.32593861997212087,-0.44305942298324946,-0.9370496269487868,-0.557518629369291,-0.015312761537118044
-1.9210620949006139,-0.5678985637232924,1.5675297705263542,1.598929953815228,-1.3658515397127338,-1.1908431905704249,0.5655353624576842,0.12364021372526998,-0.04323007768433904,-0.8642317988856903,-0.091381517986991,-1.5326918107550755,-0.7353551203302884,-0.7462207368700616,0.7052877813860767
-1.5444017165072774,-1.3585619355899454,-0.04379155538981838,-1.1140515832743032,-1.5014160863117545,-0.5322523317183139,-1.2644650981102241,0.33444048339658056,-0.32326296956669515,-1.0032596370333984,0.5856044835911238,0.14645863704378642,0.790607889743379,1.6696321702694346,1.4258883243092715
-1.2430734137926085,-1.5562277785566085,0.1901099274044647,1.5512291795367303,-1.7183193608701874,-1.514523278801816,-0.428112686362207,-0.0988711820388911,1.2169179357862645,-1.0496022497493012,-0.2304882306400283,0.09102051484256829,-0.9324394667975068,-0.8860000757595213,-0.7359133044603129
0.32634482951296057,0.7330184958014914,-1.68976495283107,1.3365756952834926,1.604948667185806,-1.534856724811969,-1.4332701720410164,-1.4807840609952598,-0.32326296956669515,-0.8178891861697878,-1.6030077954833297,-1.396829370430964,0.6257946643351207,1.3108652004531547,-0.015312761537118044
-0.4018652353808238,-0.5081391228263941,-1.5338306309682146,0.8357175653592717,-1.3116257210731253,1.5885733742244021,0.6192460677993002,-0.9420722607241331,-0.1832465236255169,1.5919266750571524,1.448066102039955,-0.5355864297557047,-0.18328844221451301,1.052273423507654,-0.7359133044603129
0.7155605538527409,0.07566464593561113,-1.3952223448678989,-0.9649866636539994,1.4655108478268133,0.48441996878934257,1.5515104533716308,-0.5087605952886615,1.3569343817274426,-1.0032596370333984,-1.3711632743949342,0.5973813915677775,-0.8483040440366475,-0.7042869352032237,0.7052877813860767
-0.06287089482682064,-0.28289199944577786,0.8398362684996956,-0.24351245269172844,0.4545866574741162,1.325775406314109,0.8379253681187359,0.7794632749249023,0.7968685979627297,-1.3276579260447174,1.086388649142058,-1.5096576613897805,1.519013193645613,0.9404499523960862,1.4258883243092715
0.954112126835188,-1.6159872194535068,-1.4818525236805964,-0.6668568244133916,0.20282392807593458,-1.4108463476919073,-0.4511315600800424,1.4235752100316843,1.2169179357862645,0.24799090629597412,-0.16557176473527757,-0.7331335412614532,0.8782009326176986,-0.18011441436774955,-0.015312761537118044
0.23845740788784836,0.44801193152397684,-1.0920167190234578,0.644914468245283,-0.8197200805566788,-0.18410117764912223,1.0988059369208696,-0.12229343422459239,-0.04323007768433904,0.8041022588868064,-0.7312723961909625,-0.41299790601498343,1.6734535587134922,0.42093674285692745,-0.7359133044603129
-1.1551859921674967,1.1973033827697002,-1.0746906832609182,1.7479948734355317,1.0975499356294713,-1.2298550346596722,1.1755355159803207,-1.644739826295168,-0.5332876384784622,1.313870998761736,0.8174490046795193,-1.5732943791277985,-0.3515592877362316,0.2555311918377334,-0.7359133044603129
1.745098921461194,0.5353526528348282,-0.8927673077542535,-0.4343155498057174,1.2176213911886038,0.1275207042274106,0.7842146627771199,-0.5907384779386157,-1.7234274289784766,0.7577596461709037,1.5500776913188492,0.8804281422430099,-0.11067841983185348,-0.13119164575643866,-0.015312761537118044
0.11290394842340286,-0.04385423585818531,-0.38164925275933853,1.4081268567012388,0.9271259341907022,0.4087606347980751,-1.229936787533471,1.6695088579815467,-1.0933534222431749,0.8504448716027092,0.4557715517816224,-0.3684912445294985,-1.0776595115628256,1.059262390452127,-0.015312761537118044
-1.0170771867566064,0.7743904164224205,-1.4818525236805964,1.545266582751918,-0.7771140801969866,-0.661346070340914,0.31232775156149584,-0.4267827126387075,-0.32326296956669515,0.8967874843186119,-1.7142931656057594,-1.0579540882432372,-0.666202718061089,0.4419036436903464,-1.4565138473835078
0.4267875970845166,-1.2344461737271568,0.5799457320616033,-1.0782760025654303,-0.16901025688137947,0.6168238032740606,1.6244035534781096,-1.6330287002023172,-0.39327119253728426,-0.26177783357895545,-1.3155205893337192,-1.4393839853600676,-1.5905398283927215,-1.3589201723355269,1.4258883243092715
1.305661813335635,-1.0643616111744465,-0.7974741110602863,1.3544634856379294,0.5088124761137242,-0.45954844046108034,1.1410072054035674,-0.9069388824455813,-1.6534192060078874,-1.5593709896242307,-0.861105328000464,0.7180178687521178,-0.8828802451712472,-0.9652083677968819,-0.015312761537118044
2.8123033269089808,-0.32886080013569957,-1.69842797071234,-1.5552837453504027,1.5933288489058899,1.3691613056497265,0.15503211448962106,-0.5790273518457649,0.02677814528625009,-0.8178891861697878,0.7803538813053761,0.6582852441268621,1.3657253686155548,1.0662513573966,-0.015312761537118044
-0.6529721543097148,-0.15417935751399728,0.5626196962990638,-0.8576599215273806,1.1207895721893033,0.342204064427632,-1.015093966167008,1.1776415620818224,-1.4433945370961203,0.8967874843186119,1.1327575533597372,0.8745720025738671,-1.035015530163486,0.3207615499861479,-0.7359133044603129
-1.8206193273290574,-0.448379681929496,-1.1786468978361553,0.8714931460681448,-0.7926071712368746,-0.5235042212255736,0.059120140665307214,-0.5087605952886615,-0.8833287533314076,1.4065562241935414,-0.23976201148356413,-0.23184798558283454,-1.670065091002301,-1.3775574175207883,-1.4565138473835078
-1.7452872516503903,-1.487274577521726,-0.3989752885218781,1.6347055345241006,-1.1683146289541606,-0.7250654156866846,1.4095607321116461,-0.4619160909172591,-0.04323007768433904,-1.0496022497493012,-0.8240102046263208,-1.3445145227199553,-0.0899326991510935,0.8985161507292483,-0.015312761537118044
-0.590195424577492,-0.1082105568240756,-1.5771457203745634,0.8297549685744594,-0.31619462176031615,-1.4651082762887695,-0.9959115714021453,1.7280644884457996,-0.8833287533314076,1.0821579351822228,0.001356290448367198,-1.3062544102148896,0.7986756700081192,1.2689313987863167,-1.4565138473835078
-0.7157488840419375,-0.4437828018605038,-1.0140495580920301,0.22753269330843204,-0.8507062626364549,0.8513677386469898,0.01691887218260906,0.02995120498246525,-1.0933534222431749,-1.6057136023401335,1.4387923211964193,-0.013218771268172225,1.3737931488802946,0.4022994976716661,1.4258883243092715
-0.17586900834482183,-1.2942056146240548,-0.32100812759045017,0.44814877434648154,0.5746581130332487,-1.6434987997150547,-0.11352141221845773,-1.000627891188386,0.09678636825683921,-0.3081204462948582,-0.6014394643814611,-1.0142282453803049,-1.151422073983305,-0.708946246499539,-0.015312761537118044
-0.7534149218812708,0.8479404975262956,-0.11309569843997641,-1.221378325400922,0.5978977495930805,1.309106709294158,-0.9882386134962,0.20561809637522396,-0.04323007768433904,-1.5593709896242307,-0.5087016559461028,0.6258812712909386,-1.3312183198832237,-1.2307891116868555,1.4258883243092715
-0.866413035399272,0.9076999384231936,0.623260821467952,-1.4121814225149112,0.09049901803674602,0.22315883110074713,-1.6174211617836989,0.6155075096249943,1.7069754965803876,0.711417033455001,1.0771148682985223,0.4704983654030181,-1.2344049567063444,1.3574583134163078,0.7052877813860767
1.054554894406744,1.6018288288410107,0.4500004638425571,0.2573456772324928,0.7257157506721577,-0.027226277326603616,1.628240032431082,-0.3213825778030522,0.23680281419801746,-1.1422874751811065,0.9565557173325566,-0.6683255955896069,-0.7365076603681083,-1.1422621970568643,-0.7359133044603129
0.2635680997807378,-0.2093419183419031,-1.6724389170685308,0.2096449029539953,-1.0327500823551399,0.381452343935602,-1.4524525668058792,-0.438493838731558,-0.46327941550787344,0.43336135715958507,-0.861105328000464,-1.651376241383035,1.5086403333052334,0.7517478448953155,1.4258883243092715
0.8536693592636311,1.0502032205619507,-0.32100812759045017,0.29908385472617766,-0.6880288067176302,0.9766785105700265,-1.5445280616772203,1.1893526881746725,0.3068110371686066,1.6382692877730551,1.0771148682985223,0.44121766705730436,0.9888447762484177,1.3807548698978844,-0.7359133044603129
-0.8036363056670492,0.34688057000614897,1.5328776990012754,-0.22562466233729192,-1.4743031769919503,0.7734622681778566,-1.6404400355015343,0.5803741313464424,0.5168357060803735,0.5260465825913906,-1.3340681510207908,0.2600677466251557,-0.5336606137117901,1.0429548009150234,0.7052877813860767
0.5900070943882954,-1.1379116922783212,0.935129465193663,-1.3525554546667895,-1.0792293554748043,-0.86858171485137,-0.43194916531517963,-1.5510508175523632,0.5868439290509627,1.4065562241935414,0.6690685111829462,1.6803768210479082,-0.7030839992713287,1.438996261101826,0.7052877813860767
0.10034860247695813,-1.2942056146240548,1.3682803592571502,-0.37468958195759583,1.6204417582256943,-0.7279026407113571,-0.9728926976843099,-0.08716005594604057,-0.8833287533314076,1.2675283860458333,-1.742114508136367,-0.9673791280271629,1.5051827131917732,0.42559605415324275,-1.4565138473835078
0.5272303646560726,-1.4413057768318045,-1.386559326986629,0.10231816082737666,1.6204417582256943,-1.674590057277091,1.363522984675976,1.5523975970530408,1.6369672736097984,0.8967874843186119,-1.1856876575242177,0.6657030210411095,-0.07494967865943383,-0.38512411140562386,-0.015312761537118044
-0.9919664948637175,-0.4989453626884099,1.7321271102704792,1.2173237595872497,-0.4517591683593369,-0.5662990320143843,0.6422649415171353,1.4469974622173858,1.4969508276686203,0.10896306814826617,1.040019744924379,-0.38176516111288883,0.69494706660432,-0.6204193318695478,-1.4565138473835078
0.3640108673522938,-0.9126645688977051,-1.4818525236805964,0.5852885003971614,0.7876881148317098,-0.5703184341326704,-0.2669805703373599,0.6623520139963964,0.726860374992141,1.1285005478981256,-0.7961888620957133,-0.3427242299852706,0.7133877072094398,0.7750444013768921,-0.7359133044603129
0.5146750187096287,-1.652762260005444,-0.8754412719917141,0.4898869518401668,0.6676166592725773,1.7273609650146333,1.102642415873842,0.767752148832052,0.5868439290509627,-0.771546573453885,-0.44378519004135214,1.0908587610208722,0.826336630915799,1.5182045531391866,-0.015312761537118044
-1.2305180678461638,-0.8620988881387911,0.216098981048274,-0.5476048887171485,-0.4672522593992249,-1.324902072986202,1.559183411277576,-0.48533834310296037,0.726860374992141,0.5260465825913906,1.040019744924379,0.24757464866431764,-1.5617263274472217,-0.7182648690921697,0.7052877813860767
1.2805511214427454,-1.271221214279094,0.35470726714858974,-0.3687269851727838,1.4229048474671213,0.33546565499403475,1.5361645375597408,1.1776415620818224,0.5168357060803735,-1.2349727006129119,-0.7869150812521775,-0.37786106800012703,0.6142692639569207,0.18098221109668816,-1.4565138473835078
-1.5444017165072774,1.1697221023557474,-1.3085921660552013,0.05461738654887937,-1.4588100859520623,1.1811951477651714,-1.486980877382632,-1.5393396914595128,-1.7234274289784766,1.6382692877730551,-1.1022236299323953,-1.1715631978246066,0.4955576400614615,1.618379746009966,0.7052877813860767
0.9792228187280765,1.3122253844945044,-0.47694244945330566,-1.251191309324983,0.609517567872997,1.7111651388321276,-0.4933328285627406,1.1307970577104198,-1.5834109830372982,1.1285005478981256,0.678342292026482,1.6667124951532417,0.008033204063605694,0.535089869616653,-1.4565138473835078
1.6697668457825268,0.9674593793200917,1.5675297705263542,-0.2554376462613527,1.4422712112669815,1.3990703861181493,1.4747808743121797,1.7163533623529488,1.0769014898450862,-0.8178891861697878,0.21465324984969106,-1.1547755974397307,1.2562340650226558,1.3830845255460422,1.4258883243092715
-0.4018652353808238,1.7029601903588387,0.8225102327371562,1.0444084528276971,1.4345246657470374,0.8657902991890751,1.1064788948268147,0.2758848529323276,-1.5134027600667093,0.0162778427164607,1.6799106231283505,-0.1717249516463025,-0.5463385541278099,1.688269415454696,-1.4565138473835078
-0.33908850564860105,1.3214191446324888,0.7705321254495376,0.69261524252378,-0.9552846271556995,1.5185884902824796,1.4440890426883994,0.4866851226036378,-1.233369868184353,-0.12274999543124725,1.559351472162385,0.365478260669725,0.5116932005909415,0.8309561369326761,-1.4565138473835078
-0.22609039213059984,-0.5357204032403471,1.5675297705263542,0.3408220322198629,1.5855823033859457,0.365492953171819,-0.876980723859996,1.1659304359889715,-0.04323007768433904,-0.8178891861697878,-0.861105328000464,1.6397742526751853,-0.4944742524259103,-0.36881652186852026,1.4258883243092715
1.1298869700854115,1.6064257089100034,-1.1699838799548854,-0.5356796951475242,-1.3348653576329577,0.24301940627345484,-0.7542133973648741,1.7514867406315007,-0.39327119253728426,0.1553056808641689,-0.2861309157012432,1.3110496125806392,-1.5997601486952813,-0.2756302959422137,-0.015312761537118044
-0.6529721543097148,1.0639938607689277,0.7098910002806494,0.05461738654887937,-0.9204251723159514,-1.140600664091849,-0.2899994440551953,1.2830416969174774,-0.6733040844196404,-1.188630087897009,-1.6957456039186878,0.8292845224658298,0.9392855546221579,-0.8184400619629492,-0.7359133044603129
2.134314645800975,0.1859897675914231,-0.944745415041872,-0.15407350091954608,1.6940339406651628,-0.17960890469339072,-0.49716930751571314,-1.6564509523880184,-1.233369868184353,0.43336135715958507,0.4557715517816224,-1.6505954227604827,0.70647246698252,0.7447588779508425,-1.4565138473835078
-0.22609039213059984,-0.6506424049651514,-0.8754412719917141,-0.42835295302090537,0.28416265603534707,0.2872328295746018,-1.1148424189442943,-0.5438939735672133,1.5669590506392093,-1.0496022497493012,-1.686471823075152,-1.2918092656976705,-0.3457965875471316,-1.5825671145586626,1.4258883243092715
-0.46464196511304656,0.6134996140076946,-0.3643232169967991,-1.6208723099833366,0.009160290077333533,-0.5638164601177958,-0.017609438394143875,-1.5627619436452138,-0.1832465236255169,-0.9105744116015931,1.0307459640808432,-1.0134474267577525,1.702267059658992,1.1105148147115955,-0.015312761537118044
-0.48975265700593557,-1.4229182565558356,-1.4298744163929777,-1.644722697122585,-1.3581049941927896,0.4198730994780425,-1.2452827033453613,1.7046422362600984,0.7968685979627297,1.0821579351822228,-0.555070560163782,0.9952084797582076,-0.05074633786521409,-0.45734343649851145,0.7052877813860767
-0.1130922786125991,-1.2252524135891725,-0.009139483864739518,0.16790672546031046,1.2989601191480167,0.33369238935361445,0.1358497197247583,-0.7312719910528226,1.4269426046980318,1.5455840623412498,-1.1393187533065385,0.4451217601700662,-0.8402362637719075,0.7494181892471579,0.7052877813860767
-0.9668558029708285,-1.4642901771767654,-1.4991785594431357,1.4737154213341725,-1.0637362644349162,-0.4563565623083237,-1.6020752459718086,0.36957386167513195,1.3569343817274426,-1.4666857641924256,1.1605788958903447,-0.47077848408385853,1.5201657336834333,-0.6041117423324441,-1.4565138473835078
-1.7452872516503903,-1.4229182565558356,-1.4298744163929777,1.527378792397482,-0.7887338984769028,1.2252903533569568,-1.4524525668058792,0.41641836604653454,-1.3733863141255311,1.1285005478981256,-0.43451140919781633,-0.4629702978583349,0.32382917442628284,1.4133700489720917,-0.7359133044603129
-0.8161916516134935,0.09864904628057197,0.8311732506184257,0.7582038071567139,0.7179692051522135,1.5271001653564973,-0.9038360765308039,-0.39164933436015564,1.1469097128156753,1.1285005478981256,1.0307459640808432,0.6454017368547478,0.1544057888667444,0.5513974591537565,-1.4565138473835078
-0.841302343506383,1.335209784839465,-0.7801480752977468,0.3944854032831722,-1.4510635404321184,-0.5389907411519111,-1.2913204507810319,1.3064639491031784,0.37681926013919537,0.8967874843186119,0.7154374154006253,0.4677655002240846,-0.8494565840744674,0.17632289980037283,-0.015312761537118044
-0.46464196511304656,1.436341146357293,0.14679483799811596,0.6389518714604707,-1.5207824501116147,1.0986791866309453,0.7074850837176688,-1.0708946477454895,-0.9533369763019968,-0.26177783357895545,-0.4808803134154954,0.5829362470505585,-1.6251160295273213,-1.0420870041860848,-0.015312761537118044
-1.3560715273106092,1.004234419872029,-0.979397486566951,-1.5075829710719055,0.663743386512605,1.2989399862890814,-1.314339324498867,-1.422228430531007,-0.8833287533314076,-1.5130283769083284,0.3815813050333358,0.14684904635506268,-1.2344049567063444,1.1198334373042262,-1.4565138473835078
-0.037760202933931626,-1.15629921255429,1.5068886453574664,-0.8576599215273806,1.1905084818688,0.8539685282529396,-0.19792394918385375,1.0371080489676154,-1.6534192060078874,0.7577596461709037,-1.018759602340573,-1.4589044509238769,0.1555583289045643,-0.9512304339079359,1.4258883243092715
0.7281158997991856,-0.7977425671729008,1.6281708956952428,1.694331502372222,-0.5757038966784417,-1.3213555417053613,-1.3296852403107573,-0.8249609997956272,-1.023345199272586,-0.7252039607379823,-0.7498199578780342,1.0768040258149296,1.1236919606733564,-1.095669084093711,0.7052877813860767
-0.5525293867381583,-0.3840233609636057,-0.8927673077542535,-0.6608942276285793,-1.0095104457953077,1.4749661555281395,-1.651949472360452,-0.9654945129098341,-0.6733040844196404,0.4797039698754878,1.142031334203273,-1.3788705421122593,-1.4718282044972624,1.466952128879718,-0.015312761537118044
-0.05031554888037635,-0.0944199166170989,0.3720333029111295,1.1398100013846917,-0.2232360755209877,0.1784725369621548,1.102642415873842,1.4587085883102362,-1.5134027600667093,1.313870998761736,0.938008155645485,-0.08583490316554229,-1.3761673813582032,-0.5412110398321873,-1.4565138473835078
0.9917781646745213,-1.3263837751070002,1.428921484426038,-0.613193453350082,1.1091697539093874,-1.5665390709208122,0.05144718275936227,0.12364021372526998,1.1469097128156753,1.221185773329931,0.7618063196183045,-0.8916397216395834,-0.6212536565861093,-0.480639992980088,0.7052877813860767
0.3514555214058491,0.314702409523204,-0.8321261825853654,-0.5356796951475242,-0.2774618941605959,-1.5081395224963028,-0.21710634394871653,-0.12229343422459239,-0.04323007768433904,-1.5130283769083284,0.15901056478847614,0.0016167825603225414,-1.2424727369710844,0.7820333683213652,1.4258883243092715
-0.6529721543097148,-0.8575020080697989,-1.6464498634247213,1.1099970174606308,-0.5137315325188893,-1.3556386774201543,-1.2913204507810319,0.07679570935386762,-1.233369868184353,0.5723891953072933,0.6876160728700179,1.528117189650197,0.1059991072783049,-1.060724249371346,0.7052877813860767
1.8455416890327503,0.1676022473154545,-1.2046359514799643,-1.1856027446920492,1.4383979385070091,-0.01966034392747687,0.5425164887398491,-0.22769356906024746,1.4969508276686203,0.38701874444368234,0.18683190731908358,0.9261060316623235,-1.3485064204505235,-0.30125650807194804,-1.4565138473835078
0.7657819376385198,0.5767245734557574,1.281650180444453,-0.16599869448917037,1.380298847107429,-0.5216127378757919,1.6589318640548623,0.36957386167513195,-0.39327119253728426,0.0162778427164607,0.9751032790196282,-0.9708928118286485,-0.29047466573177194,0.19496014498563413,1.4258883243092715
-0.10053693266615436,-0.2874888795147701,-0.6675288428412401,0.621064081106034,-0.8507062626364549,1.044653693452806,0.362201977950139,1.4587085883102362,-0.11323830065492778,0.1553056808641689,-1.5566388912656506,1.4012341634854375,1.5743351154609726,-1.6221712605773428,-0.015312761537118044
0.5900070943882954,-0.7333862462070105,0.32871821350478075,1.3842764695619902,0.9232526614307305,1.6691978520088464,-0.24012521766655193,0.93170791413196,-0.25325474659610603,-1.6057136023401335,0.31666483912858506,-0.9650366721595057,-1.1341339734160052,-0.14982889094169993,0.7052877813860767
0.38912155924518327,1.3811785855293868,-0.5289205567409243,0.9967076785492001,-0.2503489848407917,0.29231619107714,-1.5406915827242478,-1.5276285653666621,0.16679459122742835,-0.07640738271534452,-1.7606620698234385,-1.0802074189859796,-0.8137278429020478,-0.21971856038642984,1.4258883243092715
-2.2349457435617275,0.5261588926968438,1.3422913056133408,1.115959614245443,-1.447190267672146,-0.3045650234883434,0.3737114148090568,1.4469974622173858,1.5669590506392093,0.2943335190118769,-1.528817548735043,1.2329677503254026,-1.4441672435895827,0.26484981443036404,-0.015312761537118044
0.6904498619598523,-1.1149272919333604,1.3942694129009592,0.17983191902993453,0.2338101101557109,-1.5849810335811838,0.03610126694747183,-0.4267827126387075,0.5168357060803735,0.5723891953072933,0.8823654705842701,-1.3374871551169842,-0.49793187253937027,0.5327602139684953,-0.015312761537118044
-2.034060208418615,0.03429272531468168,-0.12175871632124628,1.7539574702203435,0.4778262940339481,-0.10134878109617346,-1.5867293301599186,-0.9772056390026848,0.8668768209333189,-0.6788613480220795,1.2347691426386311,-1.4140073801271158,-1.3796250014716631,-1.254085668168432,0.7052877813860767
-1.1551859921674967,0.6043058538697108,1.0217596440063605,0.728390823232653,-0.7887338984769028,1.4095917622513099,1.5745293270894665,1.4938419665887879,0.9368850439039079,-1.095944862465204,0.2424745923802985,1.5203090034246733,-0.9647105878564665,-0.37580548881299325,-1.4565138473835078
0.5272303646560726,0.9628624992510998,-1.4991785594431357,-1.3883310353756624,-0.11865771100174304,-1.6530744341733246,0.5770447993166024,1.6109532275172938,1.0068932668744972,1.221185773329931,-1.482448644517364,0.2815402587453457,0.3445748951070428,-0.4387061913132501,-0.015312761537118044
-1.9838388246328367,-0.6460455248961591,0.5366306426552545,1.6883689055874103,-1.055989718914972,1.0548204164578825,-0.8539618501421606,-0.719560864959972,-1.303378091154942,0.711417033455001,-0.9445693555922864,0.500169473060008,0.8136586904997789,1.0243175557297621,1.4258883243092715
-0.9668558029708285,1.4455349064952774,0.32005519562351087,0.889380936422581,-0.9126786267960073,1.2301372794407726,-0.2593076124314147,0.018240078889614708,0.6568521520215519,-0.3544630590107607,-0.35104738160599397,-1.343733704097403,-0.24206798414333247,0.43724433239403104,-0.7359133044603129
0.6653391700669629,-0.01627295544423224,-0.04379155538981838,0.69261524252378,1.058817208029751,-0.616423340783599,1.4977997480300154,1.7749089928172017,-1.7234274289784766,-0.3081204462948582,0.4094026475639433,0.47752573300598916,0.027626384706545402,-0.19409234825669552,-0.7359133044603129
-1.0672985705423845,1.4777130669782228,1.1863569837504855,-0.03482156522330297,-0.43626607731944883,-1.1580968850773294,-0.6314460708697526,-1.2231392869525468,0.9368850439039079,0.2943335190118769,-1.0836760682453237,-1.408151240457973,1.2862001060059751,-0.6553641665919128,0.7052877813860767
0.25101275383429306,-0.6322548846891827,0.9178034294311233,-0.3687269851727838,0.2609230194755149,0.7580939659608803,0.2701264830787977,-1.3988061783453056,-0.1832465236255169,0.20164829358007164,0.49286667515576565,-1.3097680940163752,1.519013193645613,0.9241423628589825,-0.015312761537118044
-0.6906381921490481,-0.23232631868686396,-0.7714850574164771,0.4004480000679845,-0.9552846271556995,-0.5218491732945146,1.256101573992744,-0.30967145171020166,-0.11323830065492778,-0.8642317988856903,-1.4360797402996848,0.4349711180768854,1.5270809739103535,-0.9442414669634629,-0.7359133044603129
0.20079137004851505,-1.2528336940031255,-1.35190725546155,-1.3644806482364138,-1.2961326300332376,0.7214464760588601,1.2752839687576067,-1.422228430531007,-0.04323007768433904,0.38701874444368234,1.3646020744481326,1.1314613293935951,-0.5624741146572898,1.129152059896857,0.7052877813860767
0.3514555214058491,0.3928493706960707,-0.01780250174600908,-0.9649866636539994,1.6746675768653028,-0.8547502428560915,-0.2669805703373599,-0.6844274866814202,0.16679459122742835,-1.6057136023401335,-0.10992907967406264,-0.02063654818241961,-1.3600318208287234,1.7069066606399572,-1.4565138473835078
1.1801083538711894,1.2662565838045827,-0.2170519130152133,-1.4479570032237838,0.009160290077333533,-0.4108427442042019,0.7266674784825317,1.0019746706890635,-0.32326296956669515,1.2675283860458333,-1.5473651104221147,-0.8451810135977177,0.800980750083759,0.21126773452273778,-0.015312761537118044
0.7155605538527409,-0.27369823930779374,-0.5549096103847334,-0.7920713568944467,-1.0095104457953077,-1.2589365911625656,-1.0496222767437609,-1.2816949174167998,0.37681926013919537,1.1285005478981256,-1.7142931656057594,1.6058086425941571,-0.6892535188174888,0.09944426341116996,0.7052877813860767
-0.6404168083632701,-0.5357204032403471,0.46732649960509653,-1.2810042932490437,-0.6686624429177701,0.13319515427675566,-0.454968039033015,0.7091965183677991,0.09678636825683921,-1.4666857641924256,0.3723075241898,-0.19163582652138791,-1.521387426123522,0.7470885335990002,-1.4565138473835078
0.7657819376385198,-1.2206555335201803,1.1950200016317554,-1.3287050675275407,0.7024761141123251,-1.300667442567124,0.07446605647719738,0.2641737268394769,0.3068110371686066,1.4065562241935414,1.6242679380671357,-0.8736808933208791,-0.6823382785905687,0.493156067949815,-1.4565138473835078
-0.9668558029708285,-0.4345890417225196,1.2556611268006432,1.5870047602456034,1.6204417582256943,-0.41155205046037,-1.659622430266397,-1.4690729349024092,1.4969508276686203,-1.0496022497493012,0.938008155645485,-0.8291742318353941,0.7468113683062196,-1.3542608610392115,1.4258883243092715
0.07523791058406913,0.4572056916619613,-1.68976495283107,-0.8874729054514413,-1.1799344472340767,-0.28033039306926555,-1.4140877772761535,0.7209076444606494,-0.7433123073902296,-1.6520562150560363,-0.9909382598099655,-0.711270619829987,1.5178606536077934,1.4133700489720917,-1.4565138473835078
1.3684385430678576,0.9076999384231936,-1.1613208620736157,-1.3287050675275407,1.5545961213061696,-0.27548346698544995,0.29314535679663306,1.3767307056602822,0.5168357060803735,0.10896306814826617,0.5206880176863731,-0.8576741115585554,-0.8575243643392074,0.6865174867469009,1.4258883243092715
1.5316580403716364,-1.3861432160038982,1.281650180444453,-0.3091010173246622,0.43134702091428373,0.16511393580432163,1.50547270593596,-0.13400456031744293,-1.023345199272586,-1.2349727006129119,0.7896276621489119,-0.3161763968184901,0.827489170953619,-1.4917105442805136,1.4258883243092715
-1.0672985705423845,0.30550864938521954,0.5799457320616033,-1.0365378250717452,0.6017710223530529,-0.570554869551393,0.02075535113558167,-1.0123390172812365,0.09678636825683921,1.7309545132048607,-1.6215553571704013,-0.23809453456325355,-0.42532185015671087,-0.6972979682587507,-1.4565138473835078
0.6653391700669629,-0.23692319875585618,1.272987162563183,-0.24351245269172844,0.4623332029940598,0.04819662124594113,-1.3910689035583181,0.25246260074662613,-0.6032958614490512,-0.6788613480220795,-0.5643443410073178,-0.2459027207887772,0.7652520089113394,1.6836101041583806,0.7052877813860767
-0.4520866191666018,-1.5332433782116477,-1.3085921660552013,-0.26140024304616494,-0.31619462176031615,-1.7245961483369445,0.692139167905779,-0.7781164954242249,-1.7234274289784766,1.221185773329931,0.8638179088971984,-0.5691616305254565,-1.1698627145884248,1.67429148156575,0.7052877813860767
-0.4018652353808238,-0.18635751799694228,-1.35190725546155,-0.60723085656527,0.7528286599919614,-1.131025029633579,-0.14037676488926545,1.7163533623529488,-1.233369868184353,-0.21543522086305272,1.6613630614412789,1.2841113701025828,0.029931464782185255,-0.5784855302027099,1.4258883243092715
-1.2305180678461638,-0.7287893661380184,-1.2046359514799643,-0.20773687198285562,-1.629234087390831,1.6253390818357836,0.4696233886333704,0.8614411575748567,0.7968685979627297,1.6382692877730551,1.4295185403528834,0.4384848018783709,1.4717590520949937,0.472189167116396,-0.7359133044603129
-0.10053693266615436,-1.4137244964178513,1.6368339135765124,1.527378792397482,-1.214793902073825,-0.18138217033381107,1.5169821427948782,-0.8952277563527308,0.6568521520215519,-0.6788613480220795,1.5222563487882417,0.7691614885292979,1.0833530593496568,0.43258502109771574,0.7052877813860767
-1.167741338113941,-1.1700898527612664,1.6801490029828612,1.0503710496125094,1.6320615765056101,-1.6866482636319495,0.6269190257052454,0.1821958441895229,0.23680281419801746,0.0162778427164607,-0.8703791088439998,0.030507071594759974,-0.4403048706483707,-0.11721371186749267,0.7052877813860767
0.23845740788784836,1.4823099470472147,-0.6675288428412401,-1.3883310353756624,0.3267686563950393,-0.04614111082442048,1.7241520062553957,0.6272186357178451,-0.32326296956669515,0.6650744207390987,1.1513051150468088,-1.315624233685518,-0.3008475260721519,-1.261074635112905,-0.7359133044603129
1.4437706187465251,-0.5173328829643785,0.35470726714858974,1.0145954689036363,1.182761936348856,-1.174883799806642,1.2254097423689636,-0.157426812503144,0.8668768209333189,-0.21543522086305272,-0.7312723961909625,0.2061912616690422,-1.4971840853293024,0.07148839563327801,-0.015312761537118044
-0.38930988943437905,-1.6711497802814128,1.6368339135765124,-0.3210262108942865,0.9503655707505347,0.579348789406511,-1.1071694610383493,-0.14571568641029348,1.6369672736097984,-0.12274999543124725,0.12191544141433286,1.3305700781444485,0.8597602920125785,-0.8021324724258455,-1.4565138473835078
-0.48975265700593557,0.2549429686263056,0.7618691075682681,0.9490069042707026,-0.6338029880780219,1.3475274648365985,-1.4716349615707418,0.767752148832052,-1.023345199272586,1.1285005478981256,-0.6107132452249969,-0.3552173279461084,0.005728123987965516,-0.06596128760802408,-0.015312761537118044
-1.2305180678461638,-0.636851764758175,-1.3345812196990106,-0.297175823755038,-0.39753334971972865,-0.6186694772614647,-1.3718865087934555,-0.2042713168745464,-1.023345199272586,-0.6325187353061769,-0.8889266705310715,-0.07568426107236145,-1.1952185954204646,-0.3641572105722049,-1.4565138473835078
1.2931064673891903,1.3398066649084577,-0.5462465925034637,-1.1319393736287398,1.2602273915482964,0.4987243116220666,-1.3028298876399496,-1.246561539138248,-0.9533369763019968,-1.6057136023401335,0.7525325387747686,1.1829953584820516,1.6273519572006925,1.741851495362322,1.4258883243092715
-0.46464196511304656,-0.4437828018605038,-1.0833537011421879,0.8476427589288962,-0.056685346842190655,1.4871425795923592,0.6499378994230806,0.2641737268394769,-0.8133205303608186,1.2675283860458333,1.1698526767338806,1.5925347260107672,-0.6419993772668691,-0.39211307835009684,-0.7359133044603129
1.7702096133540837,-1.491871457590718,0.3373812313860503,-0.5356796951475242,0.14859810943632634,-1.4419376052539437,0.3200007094674411,-0.719560864959972,1.6369672736097984,0.10896306814826617,0.8452703472101268,0.32917019472103975,-1.0038969491423462,-0.21272959344195683,-1.4565138473835078
0.4267875970845166,-1.2022680132442116,-1.5251676130869452,1.7479948734355317,1.7056537589450786,-1.3087062468036963,0.8110700154479279,1.6812199840743973,-0.8833287533314076,0.3406761317277796,0.9843770598631641,0.8050791451667069,0.9542685751138179,-1.517336756410248,0.7052877813860767
-0.21353504618415556,-1.593002819108546,-0.46827943157203594,0.5256625325490398,-1.5711349959912508,0.7689699952221251,0.15119563553664847,1.3650195795674314,-1.6534192060078874,-1.2813153133288147,-0.7961888620957133,-1.0973854286821318,-1.018879969634006,0.7983409578584688,-0.7359133044603129
2.410532256622755,-1.211461773382196,-1.1353318084298065,-1.483732583932657,-0.9901440819954477,-1.077117754164801,1.1870449528392382,-1.3402505478810527,-1.7234274289784766,0.1553056808641689,0.474319113468694,1.2583443555583547,-0.38037278868173136,-1.54529262418814,-0.015312761537118044
-0.22609039213059984,0.4204306511100241,1.428921484426038,-0.26140024304616494,-0.7461278981172105,-0.7431527252189719,-0.22477930185466174,1.3884418317531328,1.5669590506392093,1.1748431606140284,-0.4623327517284238,1.5929251353220433,0.3099986939724431,-0.888329731407679,0.7052877813860767
-0.4018652353808238,1.6248132291859716,0.7358800539244588,-1.4419944064389718,0.3306419291550114,1.3279033250826133,0.17037803030151125,-0.9420722607241331,-1.6534192060078874,1.4065562241935414,-1.0280333831841089,-0.11667723875636064,-0.8471515039988275,-0.6297379544621785,-1.4565138473835078
-0.025204856987487347,0.8295529772503266,1.5588667526450843,-0.3210262108942865,-0.846832989876483,-1.7000068647897826,1.359686505723003,0.9082856619462588,-1.7234274289784766,-1.5130283769083284,1.0492935257679148,-1.6759720279934345,-1.0062020292179863,-1.0933394284455533,0.7052877813860767
1.1298869700854115,0.6824528150425772,-0.2950190739466412,-1.4241066160845355,0.6482502954727172,0.15518364821796776,0.6576108573290258,1.2010638142675234,0.7968685979627297,-0.8178891861697878,1.197674019264488,0.05783572338409276,-1.015422349520546,0.30678361609720195,-0.7359133044603129
0.025016526798291115,-0.11280743689306784,-1.0746906832609182,-0.24351245269172844,-1.2573999024335174,0.35698127809780145,-0.5738988865751643,-0.48533834310296037,0.4468274831097845,0.20164829358007164,-0.15629798389174174,-1.6560611531183491,0.9911498563240575,1.2293272527676364,-0.7359133044603129
0.25101275383429306,-0.664433045172128,-1.35190725546155,-0.08252233950180025,-1.218667174833797,1.1081366033798536,-0.6889932551643408,-1.5744730697380642,-0.6032958614490512,1.4065562241935414,-0.7405461770344984,0.0336303460849697,-0.21555956327347256,-0.2733006402940561,1.4258883243092715
-1.0547432245959403,-1.5286464981426555,1.1430418943441367,1.2352115499416862,1.2834670281081282,-1.2959387341926698,1.3903783373467835,1.5875309753315927,1.6369672736097984,0.618731808023196,0.5856044835911238,-0.28611487985022405,1.2965729663463554,-0.09391715538591604,-0.7359133044603129
-9.416509459789163e-05,0.2181679280743684,-0.5289205567409243,1.3306130984986808,-0.1457706203215473,-0.8582967741369321,-0.05597422792386942,-0.0988711820388911,-0.11323830065492778,0.618731808023196,-1.4546273019867566,0.803907917232878,0.09332116686228474,-0.3175640976090517,1.4258883243092715
0.2761234457271816,1.6202163491169796,1.6888120208641304,-1.0365378250717452,1.0936766628694996,-0.06529237974096005,-0.5470435339043562,1.2010638142675234,-0.5332876384784622,0.9431300970345147,-0.41596384751074467,0.3967110055718196,-0.3826778687573712,-0.7811655715924265,1.4258883243092715
-0.9543004570243837,0.6962434552495542,-0.9187563613980628,1.2888749210049957,1.1595222997890235,-0.11151550410125002,0.03610126694747183,-0.520471721381512,-1.1633616452137638,0.8967874843186119,0.576330702747588,1.2239883361660506,-0.405728669513771,0.3906512194308778,-1.4565138473835078
-1.2556287597390527,1.1467377020107865,-0.537583574622194,1.1994359692328134,0.609517567872997,-1.6481092903801475,-1.2951569297340044,-0.36822708217445455,0.8668768209333189,-1.37400053876062,1.1884002384209522,1.2727895000755736,1.0360989177990372,0.052851150448016714,0.7052877813860767
-1.2556287597390527,-0.030063595651208613,-0.3989752885218781,1.062296243182134,1.7250201227449389,0.1503367221341522,-0.2899994440551953,-0.88351663025988,1.3569343817274426,-0.3544630590107607,-1.3989846169255415,-0.07958835418512329,-1.2563032174249242,1.4925783410094522,-0.7359133044603129
0.3389001754594044,1.5880381886340345,1.1776939658692156,0.38852280649835996,-0.10703789272182708,-0.2168474831422177,0.11283084600692292,-0.356515956081604,-0.9533369763019968,-1.5130283769083284,-1.8070309740411177,0.43458070876560906,1.1236919606733564,-1.4171615635394685,0.7052877813860767
-0.7157488840419375,0.5583370531797891,-1.1613208620736157,1.2113611628024379,1.1595222997890235,-1.737718314076055,-1.1723896032388827,-0.356515956081604,0.7968685979627297,-1.5130283769083284,-0.19339310726588502,-0.4473539254072876,-0.7388127404437483,0.5723643599871755,0.7052877813860767
0.60256244033474,0.999637539803037,1.5242146811200055,-0.9888370507932479,1.0239577531900028,1.243614098307967,-0.45880451798598765,0.7326187705535001,0.02677814528625009,-1.6520562150560363,-0.2304882306400283,-1.7407799736652807,0.5462694017255412,1.0266472113779197,-0.015312761537118044
-1.092409262435274,-0.1909543980659345,1.3856063950196893,-0.3091010173246622,1.3105799374279326,-1.0317221537700405,0.8724536786954886,0.8145966532034541,-0.25325474659610603,1.5455840623412498,1.6984581848154223,1.104913496226815,0.3549477554474228,-1.5336443459473517,0.7052877813860767
0.11290394842340286,1.7535258711177528,1.4722365738323868,-0.8934355022362535,-0.18063007516129542,0.7405977449753998,-1.4064148193702084,1.212774940360374,1.2869261587568537,-1.698398827771939,-0.45305897088488795,1.3075359287791537,1.276979785703415,1.618379746009966,1.4258883243092715
0.38912155924518327,-0.9862146500015798,-0.32967114547172005,-0.03482156522330297,1.1595222997890235,0.27328313986996183,-0.1288673280303479,-1.586184195830915,0.3068110371686066,-0.8178891861697878,0.16828434563201194,1.591753907388215,-1.6135906291491213,-1.4404581200210451,-1.4565138473835078
0.8662247052100758,-1.459693297107773,-0.3903122706406082,0.47199916148573007,1.6591744858254145,-0.8817038805904804,-0.7772322710827095,-1.5159174392738115,-1.023345199272586,-0.5861761225902743,-1.7699358506669745,1.5261651430938161,-0.9197615263814869,1.3924031481386727,1.4258883243092715
1.1675530079247447,0.14921472703948588,1.1343788764628668,0.2871586611565536,1.225367936708548,1.4338263926703878,-1.5023267931945223,1.7631978667243513,0.4468274831097845,0.8967874843186119,0.5856044835911238,1.2911387377055543,1.0626073386688972,-0.8673628305742601,-1.4565138473835078
2.0213165322829747,0.6180964940766872,1.6368339135765124,-1.638760100337773,0.5436719309534725,-0.7995425725843385,-0.4204397284562621,0.33444048339658056,0.3068110371686066,-1.095944862465204,0.9009130322713417,-0.8967150426861737,1.5409114543641933,-1.151580819649495,-0.015312761537118044
-9.416509459789163e-05,1.0456063404929588,1.1517049122254066,-0.6847446147678281,-1.373598085232678,0.7004037237925389,-0.9383643871075569,0.9082856619462588,1.0769014898450862,-0.8178891861697878,0.9658294981760924,-0.24746435803388186,1.2170477037367755,-0.26864132899774074,-1.4565138473835078
1.8078756511934169,0.4296244112480079,-1.6724389170685308,-0.28525063018541347,-0.06830516512210688,1.7027716814674714,1.4018877742057014,-0.438493838731558,0.726860374992141,0.4797039698754878,-0.03573883292577608,1.1759679908790803,0.7318283478145596,-1.6268305718736582,0.7052877813860767
0.6276731322276295,-1.183880492968243,-1.2999291481739315,-0.0228963716536787,0.9077595703908422,1.556299939568752,-0.654464944587588,-0.4970494691958109,0.37681926013919537,-0.21543522086305272,-1.3989846169255415,0.3971014148830959,0.68687928633958,-0.23835580557169114,-1.4565138473835078
1.506547348478748,-1.4459026569007964,-0.9534084329231417,-1.0723134057806183,1.7211468499849665,-1.6140625900840773,-0.6928297341173135,-0.9772056390026848,-0.6032958614490512,-0.07640738271534452,0.8638179088971984,-1.070056776892799,-1.386540241698583,-0.5761558745545522,-0.015312761537118044
-0.7157488840419375,-0.825323847586854,0.07749069494795795,0.30504645151098986,1.4655108478268133,1.1641717976171362,-0.05597422792386942,-0.22769356906024746,-1.4433945370961203,-0.07640738271534452,1.086388649142058,-0.33999136480633735,-0.3930507290977512,1.2013713849897445,-0.7359133044603129
1.205219045764079,-0.7149987259310416,1.3076392340882619,-1.1319393736287398,0.33451520191498324,-1.1268874098059316,0.24710760936096232,1.0253969228747646,1.0769014898450862,0.9431300970345147,1.1142099916726655,-0.8322975063256036,1.5962333761795529,-0.4340468800169348,-0.7359133044603129
0.4267875970845166,1.2248846631836536,0.3460442492673202,-0.3568017916031595,-0.5408444418386932,0.41798161612826085,0.4427680359625629,-1.2699837913239493,-1.233369868184353,1.2675283860458333,0.13118922225786867,0.6352510947615674,0.5428117816120811,-0.040335075478289795,-1.4565138473835078
1.1173316241389668,-0.7149987259310416,0.5626196962990638,0.3706350161439237,1.0859301173495555,0.5585424725589124,0.19339690401934662,-1.5042063131809609,-0.9533369763019968,-1.3276579260447174,-0.44378519004135214,-0.8178523618083848,-1.2136592360255845,0.6282760955429594,0.7052877813860767
-0.665527500256159,-1.1976711331752194,0.5712827141803334,-1.0544256154261817,-0.014079346482498645,-1.5580273958467947,-0.8846536817659411,-1.2231392869525468,-0.32326296956669515,-1.2349727006129119,0.9472819364890208,1.2766935931883354,-1.1041679324326854,1.5950831895283895,0.7052877813860767
-0.37675454348793436,0.3790587304890943,1.1343788764628668,0.3169716450806144,-0.9552846271556995,0.970531189683236,1.6857872167256702,-0.2511158212459487,1.7069754965803876,0.0162778427164607,-0.026465052082240263,1.363754869602924,0.4817271596076218,-1.095669084093711,-1.4565138473835078
0.7281158997991856,-0.020869835513224473,-0.48560546733457555,-1.6029845196289,-0.9630311726756435,-0.6372296576311975,0.3430195831852762,-1.2934060435096506,1.7069754965803876,-1.5593709896242307,-1.3618894935513983,0.7180178687521178,0.5128457406287614,0.14603737637432324,-0.7359133044603129
0.30123413762007106,0.06187400572863475,0.7878581612120771,-0.7324453890463252,-0.5795771694384134,-1.673880751020923,-0.7311945236470391,-0.8718055041670295,0.3068110371686066,0.7577596461709037,0.5856044835911238,0.7012302683672421,0.5289813011582414,-1.2074925552052789,-0.015312761537118044
1.2303297376569675,-0.2231325585488798,0.15545785587938585,-1.3823684385908503,1.570089212346058,1.6262848235106744,0.7611957890592849,0.7091965183677991,1.4269426046980318,1.7309545132048607,-0.3417736007624581,1.1868994515948132,0.8977941132606383,-1.4125022522431532,-0.7359133044603129
0.13801464031629232,0.10784280641855644,-1.118005772667267,1.5393039859671063,0.280289383275375,-0.3071658130942932,-0.30534535986708544,-0.1808490646888453,-1.1633616452137638,-1.5130283769083284,-0.7869150812521775,-0.2259918459136918,-1.0868798318653856,1.3388210682310466,-1.4565138473835078
-0.2763117759163783,0.5031744923518829,-0.7628220395352073,-1.51950816464153,-1.0985957192746643,0.11144309575426628,1.1064788948268147,1.599242101424443,0.726860374992141,1.4528988369094442,-0.05428639461284772,-0.35053241621079423,-1.167557634512785,0.5024746905424456,-0.7359133044603129
0.32634482951296057,-1.4550964170387808,-0.25170398454029247,-0.5476048887171485,-0.041192255802302624,-0.3013731453355868,1.267611010851662,1.4235752100316843,-0.39327119253728426,-0.6788613480220795,1.2811380468563103,-1.0946525635031983,1.6457925978058119,0.8891975281366177,1.4258883243092715
-0.2637564299699336,1.5742475484270582,-1.0833537011421879,-1.2333035189705464,-0.9242984450759234,1.5941296065643857,-1.3872324246053456,0.955130166317661,0.4468274831097845,-0.771546573453885,0.29811727744151345,-1.2656518418421665,-1.6631498507753808,-0.6623531335363857,-1.4565138473835078
-0.5148633488988246,0.23195856828134478,0.6319238393492219,1.1875107756631889,-1.005637173035336,0.04358613058084827,0.4619504307274257,-1.305117169602501,-0.7433123073902296,-1.4666857641924256,-1.6586504805445446,-0.16586881197715975,0.09793132701356477,0.5653753930427026,1.4258883243092715
0.16312533220918088,-0.6690299252411199,-1.421211398511708,1.2411741467264985,-1.6795866332704672,1.5444781686326166,1.1064788948268147,-1.0474723955597882,0.9368850439039079,-0.6325187353061769,-1.018759602340573,-0.17094413302375017,0.026473844668725478,-0.9931642355747738,-0.7359133044603129
0.9164460889958538,1.2064971429076845,0.2680770883358923,-0.5177919047930877,-1.4820497225118945,-0.44311617885985194,-0.08666605954764975,-0.33309370389590276,-1.7934356519490657,1.499241449625347,1.2625904851692387,0.3451769764833633,-1.5571161672959417,1.6836101041583806,-0.7359133044603129
-0.5776400786310473,1.5282787477371365,0.69256496451811,1.3127253081442443,0.8612802972711784,1.3255389708953862,-0.04446479106495159,-1.2348504130453977,-0.39327119253728426,0.5260465825913906,-1.0002120406535013,-0.45047719989749685,-1.278201478143504,-0.8603738636297871,1.4258883243092715
-1.1802966840603857,1.23867530339063,0.5626196962990638,1.0026702753340122,-0.22710934828095977,-1.5017557661907897,0.3775478937620294,-1.0591835216526388,-1.5834109830372982,-1.5593709896242307,-1.3618894935513983,-0.29236142883064287,1.327691547367495,-1.573248491966032,-0.7359133044603129
0.9164460889958538,-1.625180979591491,0.2420880346920833,-0.33295140446391075,0.8961397521109262,1.1756389154251876,-1.5253456669123577,1.0839525533390175,1.2169179357862645,-1.4666857641924256,1.5500776913188492,-1.6002326216058549,-0.2363052839542325,0.25786084748589105,-1.4565138473835078
-0.891523727292161,0.8157623370433503,-0.9187563613980628,0.5137373389794153,-0.3781669859198685,-0.6388847055622565,-1.1301883347561847,-1.363672800066754,1.1469097128156753,-0.3544630590107607,0.07554653719665376,-1.1430633181014451,-1.2205744762525044,1.2875686439715779,0.7052877813860767
-0.5399740407917135,-1.648165379936452,1.1343788764628668,1.1398100013846917,0.2764161105154029,0.7022952071423206,-0.02528239630008882,0.12364021372526998,-1.7234274289784766,0.4797039698754878,0.7803538813053761,0.19525980095330925,-0.2328476638407724,-1.503358822521302,0.7052877813860767
-0.9291897651314948,0.5767245734557574,1.437584502307308,0.7999419846503987,0.44296683919419966,0.5385636796768434,-0.8117605816594624,-1.2348504130453977,-0.11323830065492778,-0.3081204462948582,0.938008155645485,-1.2312958224498622,0.42755777783008203,-1.0304387259452965,-1.4565138473835078
-0.012649511041042618,1.0318157002859822,-1.0660276653796485,1.2113611628024379,-0.5563375328785816,-0.9633923177591771,0.4427680359625629,1.5758198492387419,-0.8833287533314076,-1.6057136023401335,-1.3433419318643267,-0.4188540456841262,0.7790824893651792,0.9311313298034556,-0.7359133044603129
0.502119672763184,-0.011676075375240005,-0.7974741110602863,0.12020595118181296,0.6714899320325491,1.721568297255927,-0.24779817557249714,1.3767307056602822,0.7968685979627297,1.5919266750571524,0.6876160728700179,0.8675446349708961,0.10830418735394474,-1.419491219187626,1.4258883243092715
-0.4269759272737128,1.4639224267712458,-1.3952223448678989,0.4898869518401668,-0.1845033479212675,0.3159597329494111,1.4133972110646191,-0.9772056390026848,-0.5332876384784622,-0.5398335098743716,-0.7127248345038909,-0.2689368701540719,0.5393541614986214,-0.21039993779379917,0.7052877813860767
0.9666674727816318,-0.14958247744500505,-1.4125483806304384,-1.1915653414768614,1.0743102990696396,1.3047326540477877,-1.5445280616772203,-0.7664053693313744,1.1469097128156753,0.38701874444368234,1.6428154997542073,0.2963758125738405,0.1809142097366043,-1.393865007057892,0.7052877813860767
0.6904498619598523,-1.3401744153139765,-1.4125483806304384,-0.5953056629956458,1.1750153908289118,-1.2602369859655405,0.48880578339823316,-0.2159824429673969,-0.7433123073902296,0.8041022588868064,1.3182331702304535,-0.7823251144822522,1.5120979534186936,0.28115740396746763,0.7052877813860767
0.1254592943698476,-0.7655644066899555,0.8831513579060444,-0.756295776185574,-0.9281717178358955,-1.1890699249300045,-1.3028298876399496,-1.2348504130453977,1.4969508276686203,-1.4203431514765228,-0.8240102046263208,-0.3895733473384125,-0.5463385541278099,-1.3053380924279006,-0.015312761537118044
-0.7408595759348265,-0.9034708087597206,-1.3952223448678989,1.2232863563720617,-1.4084575400724257,0.3212795298706721,-0.19792394918385375,0.13535133981812053,-1.7234274289784766,-1.1422874751811065,0.07554653719665376,0.15504764189186263,0.4828796996454417,-1.3216456819650042,0.7052877813860767
0.6653391700669629,-0.3334576802046918,-1.2999291481739315,1.4856406149037966,1.3609324833075687,-1.225126326285218,0.6230825467522726,-1.3753839261596046,0.7968685979627297,1.4065562241935414,-0.3139522582318507,0.6832714400485377,1.5916232160282726,0.027224938318282422,0.7052877813860767
-0.5148633488988246,-0.9678271297256109,1.3942694129009592,-0.8874729054514413,-0.9281717178358955,0.13827851577929395,-0.9422008660605294,-1.2348504130453977,-0.25325474659610603,1.5919266750571524,-0.6385345877556043,-0.792475756575433,-0.8160329229776878,0.4558815775792924,1.4258883243092715
1.7325435755147494,-0.089823036548107,0.8831513579060444,-1.4121814225149112,0.2183170191158226,-0.5873417842807055,0.28163591993771553,0.767752148832052,1.2869261587568537,1.1748431606140284,-1.0929498490888596,-1.3804321793573642,-1.2032863756852046,-0.6879793456661201,-0.015312761537118044
1.0168888565674108,-0.8896801685527442,0.27674010621716216,-0.8039965504640713,0.6792364775524933,0.6969754102210596,-1.022766924072953,0.6272186357178451,-0.7433123073902296,-0.07640738271534452,-0.9260217939052148,1.4258299500958374,1.6354197374654322,0.09944426341116996,-0.7359133044603129
0.7657819376385198,-1.183880492968243,-0.2950190739466412,-1.5552837453504027,1.6669210313453586,0.6246261720919101,-1.126351855803212,1.0019746706890635,0.3068110371686066,-1.4666857641924256,-0.2768571348577074,-0.7885716634626712,-0.7491856007841283,1.6160500903618085,-0.015312761537118044
0.48956432681673934,1.1283501817348176,0.9957705903625511,0.37659761292873595,-1.1412017196343567,0.7189639041622717,-0.5278611391394935,-1.6096064480166161,0.23680281419801746,-0.16909260814715,-1.6957456039186878,1.406699893843304,0.9761668358323978,1.3248431343421005,0.7052877813860767
0.07523791058406913,1.2110940229766765,0.02551258766033965,-0.3806521787424081,-0.11478443824177097,1.4716560596660215,-1.3411946771696752,-1.5510508175523632,0.4468274831097845,0.24799090629597412,-1.4639010828302923,1.2142281033841462,-0.5094572729175701,1.6207094016581238,-1.4565138473835078
0.40167690519162713,0.5077713724208749,0.28540312409843205,-1.251191309324983,1.2718472098282123,0.23450773119943724,-1.2107543927686082,0.4866851226036378,0.9368850439039079,0.8041022588868064,0.6876160728700179,1.2368718434381645,0.04260940519820541,-0.6600234778882281,-1.4565138473835078
0.652783824120518,-0.6046736042752296,0.14679483799811596,1.181548178878377,0.9232526614307305,-0.9443592665519989,1.0450952315792534,-1.422228430531007,-1.0933534222431749,0.8967874843186119,0.29811727744151345,-0.3446762765416515,-0.6904060588553087,1.6207094016581238,-0.015312761537118044
-1.2556287597390527,1.440938026426285,1.5328776990012754,-1.4479570032237838,-1.4007109945524818,-1.2092851532307962,0.757359310106312,-0.05202667766748874,0.09678636825683921,0.4797039698754878,-1.528817548735043,-1.0567828603094087,1.563962255120593,-0.11255440057117734,-0.015312761537118044
-1.092409262435274,0.3560743301441335,-0.6242137534348915,1.1636603885239403,-0.18063007516129542,-0.27571990240417266,1.4133972110646191,1.2596194447317763,-0.04323007768433904,-1.5130283769083284,-0.7961888620957133,-1.2402752366092145,0.5301338411960612,-0.6320676101103362,-1.4565138473835078
-0.8789683813457163,-0.9080676888287128,1.3682803592571502,0.9370817107010785,0.5088124761137242,-0.3382570706563297,-1.2606286191572513,0.5101073747893392,0.5868439290509627,1.0821579351822228,-0.3232260390753865,-0.3872308914707553,1.6388773575788924,-1.393865007057892,1.4258883243092715
-0.5274186948452693,-0.38862024103259796,-0.8494522183479049,1.575079566675979,-1.578881541511195,0.20424399760293027,1.3788689004878658,1.1073748055247186,-0.39327119253728426,-0.5861761225902743,1.0029246215502357,-0.8022359893573375,-0.15447494126901326,-1.330964304557635,0.7052877813860767
-1.0798539164888292,-0.7931456871039086,1.073737751293979,-1.066350808995806,-0.5369711690787214,0.9123680766774491,-1.394905382511291,-0.5790273518457649,-0.9533369763019968,0.5260465825913906,-1.3989846169255415,0.9850578376650267,-0.6108807962457294,1.1594375833229065,0.7052877813860767
-1.7703979435432793,1.6110225889789953,0.9178034294311233,1.4677528245493603,-1.4665566314720062,-0.3355380633410185,0.055283661712334606,1.212774940360374,1.0769014898450862,-0.16909260814715,1.4202447595093477,-0.30212166161254744,1.3415220278213347,0.9520982306368745,-0.7359133044603129
-1.9712834786863922,-0.5908829640682532,-1.6031347740183726,1.3425382920683049,0.5088124761137242,1.5591371645934247,-1.3603770719345378,0.9902635445962128,0.37681926013919537,-1.188630087897009,1.4295185403528834,0.47986818887364635,0.3837612563929226,1.569456977398655,-0.015312761537118044
0.9415567808887433,1.1651252222867547,-0.1390847520837857,1.0026702753340122,-1.2922593572732652,-0.8050988049243222,0.6039001519874098,-0.2394046951530982,1.6369672736097984,0.1553056808641689,0.16828434563201194,-1.756005936805052,1.4152845902418139,-0.9535600895560936,1.4258883243092715
0.5900070943882954,0.8663280178022639,0.8051841969746167,-0.5595300822867727,1.6824141223852462,-0.6687937860306794,-0.41276677055031685,1.1073748055247186,1.0769014898450862,0.1553056808641689,-0.657082149442676,-1.5010686565417046,-0.653524777645069,0.08313667387406633,1.4258883243092715
0.07523791058406913,-0.8575020080697989,-0.20838889513394374,-1.3585180514516015,-1.5130359045916704,-1.0922496209630546,-1.4524525668058792,-0.29796032561735114,1.7069754965803876,1.6382692877730551,1.2811380468563103,-0.39191580320606945,-0.24552560425679223,0.10177391905932763,-0.7359133044603129
-0.17586900834482183,-0.9770208898635954,1.602181842051433,1.0801840335365702,-0.4982384414790012,-0.8795759618219761,0.6154095888463279,-1.2231392869525468,-1.5134027600667093,-0.07640738271534452,0.16828434563201194,-0.5711136770818375,-1.171015254626245,-1.053735282426873,0.7052877813860767
0.13801464031629232,1.3490004250464416,1.584855806288894,-0.6668568244133916,-0.5524642601186095,0.17019729730685992,1.282956926663552,0.32272935730372976,-1.233369868184353,-0.8178891861697878,1.2811380468563103,-1.2117753568860532,0.04145686516038516,1.2013713849897445,-1.4565138473835078
-1.0170771867566064,-0.49434848261941766,-0.42496434216568724,1.0861466303213825,-0.31619462176031615,-1.1986455593882743,-1.548364540630193,0.8145966532034541,-0.8833287533314076,-1.1422874751811065,-0.5643443410073178,-1.0153994733141334,-0.11413603994531357,0.6282760955429594,1.4258883243092715
1.4939920025323032,0.17679600745343896,-1.1526578441923458,0.43026098399204527,-0.09541807444191086,0.07857857255180947,1.359686505723003,-1.3168282956953516,-0.5332876384784622,-0.771546573453885,-0.8796528896875356,0.9179074361255235,0.8136586904997789,0.7424292223026849,-0.7359133044603129
2.1217592998545305,-0.6414486448271672,-0.8494522183479049,-0.6012682597804578,1.5119901209464777,-0.5278782764719437,-0.09433901745359496,0.15877359200382182,0.5868439290509627,-1.698398827771939,-1.1949614383677536,0.005130466361808097,0.2869478932160433,1.1734155172118526,-1.4565138473835078
0.6276731322276295,-1.436708896762812,-0.2690300203028319,-1.51950816464153,-0.7771140801969866,-0.4240831276526737,0.8033970575419827,0.05337345716816633,1.4969508276686203,-1.4666857641924256,-0.916748013061679,-1.4604660881689817,1.3380644077078747,-0.9605490565005665,-0.7359133044603129
0.6402284781740742,-0.9172614489666973,1.6281708956952428,-1.1200141800591152,0.05563956319699789,0.23876356873644605,-0.41276677055031685,1.4469974622173858,-1.5834109830372982,0.5260465825913906,-0.9816644789664297,1.0190234477460547,-0.9969817089154264,-0.8370773071482105,-0.015312761537118044
1.2679957754963016,-0.24611695889384066,-1.5165045952056753,0.6329892746756585,1.4926237571466177,-1.416402580031891,-1.6634589092193697,0.20561809637522396,1.4269426046980318,-0.8642317988856903,-1.742114508136367,-0.151033258148665,1.6504027579570923,-1.303008436779743,-0.015312761537118044
0.15056998626273616,0.9720562593890842,1.5588667526450843,-0.91132329259069,-0.2542222576007638,-1.7010708241740349,1.1064788948268147,1.4001529578459833,0.5168357060803735,0.618731808023196,0.17755812647554778,-0.5664287653465233,-0.9819986884237664,-1.6035340153920814,-0.015312761537118044
-0.5525293867381583,-1.2252524135891725,-0.08710664479616712,0.30504645151098986,0.26479629223548695,-1.080782503155003,-1.1493707295210474,-0.12229343422459239,-0.8833287533314076,0.8504448716027092,1.457339882883491,-1.5869587050224647,-0.8160329229776878,-0.46433240344298443,-0.015312761537118044
-0.48975265700593557,-1.4137244964178513,0.857162304262235,0.8297549685744594,0.3538815657148433,1.454159838680541,-0.6161001550578624,-0.005182173296086579,0.4468274831097845,-1.188630087897009,0.8174490046795193,1.0615780626751585,-1.4372520033626626,-0.1521585465898576,-0.7359133044603129
-1.0672985705423845,1.57884442849605,0.034175605541609214,1.3723512759923657,0.37712120227467577,-0.3005456213700573,-1.651949472360452,1.1542193098961213,1.4269426046980318,0.5723891953072933,1.4202447595093477,0.16363664673993836,0.7594893087222394,-0.40609101223904287,1.4258883243092715
1.0671102403531887,-0.7104018458620497,-0.42496434216568724,-0.2912132269702257,0.5591650219933603,-0.7307398657360297,0.8033970575419827,-1.586184195830915,0.09678636825683921,0.20164829358007164,0.6041520452781954,0.07345209583514008,1.1340648210137365,0.88686787248846,-0.015312761537118044
-0.4018652353808238,-0.6598361651031358,-0.8927673077542535,1.5810421634607912,0.24542992843562686,-0.16530456186066672,-0.37056550206761874,1.5641087231458917,1.3569343817274426,0.38701874444368234,1.559351472162385,0.014500289832436838,-0.40457612947595106,-0.9815159573339856,-0.015312761537118044
0.3137894835665158,0.9674593793200917,0.6319238393492219,0.41833579042242075,-0.03344571028235875,-1.1955718989448791,-1.2414462243923887,-0.2394046951530982,-1.3733863141255311,-0.5861761225902743,-0.20266688810942085,-0.6156203385673222,0.7306758077767397,-1.4451174313173605,0.7052877813860767
1.406104580907191,-1.648165379936452,1.1343788764628668,-0.9411362765147507,0.04401974491708167,1.2124046230365693,0.23559817250204476,-1.4105173044381563,-1.4433945370961203,0.38701874444368234,0.8545441280536626,0.8281132945320016,0.6015913235409008,1.4413259167499837,-0.015312761537118044
-1.6573998300252786,1.0915751411828805,1.3509543234946106,-0.23158725912210415,-0.823593353316651,0.668839595393057,-0.765722834223792,-1.6330287002023172,1.4269426046980318,-0.4008056717266634,1.4202447595093477,-1.68768430733172,-0.34464404750931155,1.5531493878615514,-0.015312761537118044
0.3765662132987386,-0.2093419183419031,0.5799457320616033,-0.31506361410947425,0.977478480070339,1.4835960483115185,1.5438374954656855,0.5686630052535921,0.16679459122742835,0.8504448716027092,0.5114142368428373,1.6151784660647859,-0.45874551125349067,0.9800540984147664,-0.015312761537118044
0.9290014349422985,1.1835127425627237,1.7321271102704792,-0.3091010173246622,1.5739624851060299,1.4826503066366277,1.586038763948384,0.5920852574392932,1.4969508276686203,-0.8178891861697878,-1.5937340146397938,1.4949323981917215,-1.6297261896786013,1.2689313987863167,-1.4565138473835078
-0.6278614624168253,-1.2942056146240548,-0.2170519130152133,1.6883689055874103,0.4003608388345077,-0.6477510337643582,-1.3833959456523732,-1.2582726652310987,-1.5134027600667093,-0.8642317988856903,-1.0929498490888596,0.7921956378945926,-1.2390151168576244,0.19030083368931883,1.4258883243092715
0.6151177862811849,-0.6552392850341435,-0.6328767713161612,-0.5833804694260213,-0.6996486249975461,0.4019040076551165,0.6307555046582177,0.955130166317661,1.3569343817274426,-0.9105744116015931,1.6242679380671357,0.645792146166024,-0.8586769043770275,-0.09857646668223137,-0.7359133044603129
1.4688813106394136,0.3009117693162273,1.6714859851015913,-1.644722697122585,1.1943817546287718,-0.44819954036239024,1.4057242531586738,-0.7664053693313744,1.0068932668744972,-1.698398827771939,-0.814736423782785,1.3860082003456666,-0.0668818983946937,0.46520020017192304,-0.7359133044603129
-0.8538576894528273,-0.526526643102363,0.6319238393492219,0.9907450817643878,-1.245780084153601,0.7091518342852792,-0.15572268070115589,-0.11058230813174165,0.8668768209333189,0.1553056808641689,0.8267227855230551,0.8819897794881145,1.2677594654008555,-1.6990498969665457,0.7052877813860767
0.13801464031629232,1.3076285044255125,1.065074733412709,-0.01693377486886646,-0.3239411672802603,-1.6416073163652731,1.6320765113840547,1.0956636794318684,-0.5332876384784622,-1.3276579260447174,-1.1393187533065385,-1.4304045712007154,0.6569132453562603,-0.7322428029811157,-0.015312761537118044
0.20079137004851505,-0.9770208898635954,-0.3643232169967991,0.2633082740173046,-1.613740996350943,1.1902979113859957,1.6589318640548623,1.32988620128888,-0.32326296956669515,0.711417033455001,1.0121984023937716,-1.700567814603834,-1.2367100367819843,1.1967120736934291,1.4258883243092715
-0.8789683813457163,0.4388181713859924,-1.4818525236805964,0.4839243550553546,-0.3936600769597566,-1.3447626481589097,-1.6174211617836989,0.041662331075315785,-0.39327119253728426,0.8041022588868064,0.2517483732238343,-1.52097953141679,-0.5866774554515096,-1.4800622660397253,0.7052877813860767
-0.6906381921490481,1.6432007494619405,1.4722365738323868,-0.5535674855019606,0.29965574707523507,1.1510496318780257,0.9798750893787205,1.7749089928172017,-1.5134027600667093,1.0821579351822228,-0.6478083685991401,1.5488088831478348,0.3203715543128231,0.5444084922092836,0.7052877813860767
1.205219045764079,-1.6067934593155222,-0.8148001468228258,1.4916032116886089,-1.2496533569135733,1.6321957089787422,-1.022766924072953,0.6037963835321436,-1.5134027600667093,1.6382692877730551,0.31666483912858506,0.8187434710613732,-1.2551506773871042,-0.2802896072385291,1.4258883243092715
0.9164460889958538,-1.4734839373147497,-0.5549096103847334,-1.0902011961350546,-1.2845128117533213,-0.08172464134218846,-0.8309429764243252,-0.8600943780741789,1.6369672736097984,-0.21543522086305272,0.07554653719665376,-0.6214764782364649,-1.5179298060100619,0.43025536544955806,0.7052877813860767
-1.9085067489541694,1.6661851498069014,0.06882767706668838,1.646630728093725,-0.19224989344121138,-0.7403155001942994,0.40440324643283737,-0.14571568641029348,-0.8133205303608186,-1.5593709896242307,-1.4360797402996848,-0.8873452192155454,0.4402357182461022,-1.2447670455758015,1.4258883243092715
1.996205840390085,1.178915862493732,-0.28635605606537134,-1.2750416964642315,1.2641006643082682,1.118185108675569,-0.06748366478278697,0.849730031482006,0.02677814528625009,-0.9569170243174958,-0.5457967793202462,-0.19202623583266396,-0.8655921446039473,1.5205342087873441,1.4258883243092715
0.9290014349422985,-0.007079195306247772,0.7878581612120771,-1.1677149543376126,-0.7112684432774624,1.4189309612908572,0.76886874696523,0.287595979025178,1.0068932668744972,-0.6325187353061769,-0.23976201148356413,1.35906995786761,-0.18674606232797278,-0.34551996538694363,0.7052877813860767
0.4770089808702946,-1.3861432160038982,1.1517049122254066,-1.6089471164137124,-0.3704204403999244,-0.8655080544079748,-1.5944022880658637,1.271330570824627,-1.5834109830372982,-1.4203431514765228,1.5129825679447058,0.41310819664541903,1.6331146573897926,0.8542526934142527,-1.4565138473835078
-2.6492721597943976,-1.3355775352449846,-1.6551128813059912,1.5631543731063549,-0.5602108056385533,-0.39346474092808265,-0.5201881812335486,-0.05202667766748874,-0.8833287533314076,-0.26177783357895545,-0.091381517986991,-1.1258853084052929,1.6457925978058119,-0.4852993042764034,1.4258883243092715
0.012461180851846389,1.51448810753016,1.272987162563183,1.2769497274353712,1.6475546675454984,-1.5301280164375148,1.0949694579678972,0.8614411575748567,0.02677814528625009,-1.6520562150560363,1.4758874445705625,0.6438400996096431,1.407216809977074,0.7610664674879462,0.7052877813860767
1.192663699817634,-0.77475816682794,0.9091404115498537,-0.5118293080082754,-0.31619462176031615,-0.4829555469146287,1.635912990337027,0.11192908763241924,-0.5332876384784622,1.2675283860458333,1.1884002384209522,0.2409376903726228,-0.5647791947329298,-1.5499519354844553,-0.015312761537118044
-0.12564762455904338,0.8249560971813348,1.272987162563183,1.3186879049290565,0.9348724797106465,-1.1423739297322693,0.6269190257052454,1.0605303011533165,-0.11323830065492778,-0.12274999543124725,0.4279502092510149,1.416850535936485,1.1098614802195166,-0.0962468110340737,-1.4565138473835078
0.15056998626273616,1.0502032205619507,-0.27769303818410146,0.644914468245283,1.6630477585853862,0.25519583033767446,1.0988059369208696,1.5289753448673398,0.6568521520215519,0.0162778427164607,-0.3695949432930656,1.6011237308588433,1.5524368547423932,1.2549534648973706,0.7052877813860767
-0.5399740407917135,-1.2068648933132038,-0.09576966267743697,0.21560749973880755,-0.1457706203215473,0.3916190669406786,-1.375722987746428,-0.2394046951530982,0.3068110371686066,0.8041022588868064,0.8174490046795193,-0.6792570563053401,0.6200319641460207,-0.25932270640511007,-0.7359133044603129
-0.590195424577492,1.7075570704278311,-1.1786468978361553,0.9668946946251393,-0.0644318923621348,-0.909485042290399,-1.0879870662734865,0.5803741313464424,-0.5332876384784622,1.7772971259207633,-1.8163047548846536,-0.5476891184052665,0.8874212529202583,0.16234496591142686,0.7052877813860767
-0.05031554888037635,0.3192992895921962,0.15545785587938585,0.9251565171314541,0.0014137445573896576,-0.3958290951153098,0.21641577773718199,0.34615160948943086,1.4269426046980318,-0.5398335098743716,-0.10992907967406264,1.7186369335529743,-1.6055228488843811,0.7703850900805769,-1.4565138473835078
-0.4520866191666018,-0.35644208054965265,1.3422913056133408,1.062296243182134,-0.7926071712368746,-0.06210050158820346,1.0259128368143908,1.7163533623529488,-1.5134027600667093,0.6650744207390987,0.33521240081565673,-0.446182697473459,1.2308781841906153,-1.2680636020573781,-0.015312761537118044
0.20079137004851505,-0.37942648089461345,-0.8407892004666351,-1.5373959549959662,-1.3348653576329577,0.7848111682765466,1.4479255216413718,-0.5438939735672133,-1.5834109830372982,-0.4934908971584689,-0.43451140919781633,1.2247691547886033,-1.660844770699741,-0.6972979682587507,-0.7359133044603129
0.5397857106025173,-1.2620274541411098,1.5068886453574664,-1.2094531318312978,-0.002459528202582418,-0.502343251249891,0.19339690401934662,0.36957386167513195,0.02677814528625009,1.684611900488958,1.2254953617950954,-1.050926720640266,0.28579535317822335,1.5578086991578668,-0.015312761537118044
0.7657819376385198,-0.9954084101395639,-1.6637758991872609,-1.257153906109795,-0.09541807444191086,1.657376081072711,-1.5560374985361383,-0.29796032561735114,-1.7934356519490657,0.1553056808641689,0.6597947303394104,-1.0524883578853708,-0.6973212990822287,-0.23602614992353346,1.4258883243092715
-0.43953127322015706,0.7008403353185461,0.12946880223557655,-1.5016203742870935,0.295782474315263,0.0551714660982611,-0.7158486078351486,0.5452407530678907,-0.04323007768433904,-0.9105744116015931,1.2718642660127746,0.5915252518986347,-1.5582687073337615,1.4156997046202495,0.7052877813860767
0.5648964024954067,0.48019009200692214,-1.2306250051237737,-1.0067248411476843,-0.8158468077967067,0.3821616501917702,-0.9268549502486392,1.517264218774489,1.0068932668744972,-1.6057136023401335,-0.3232260390753865,0.26475265836046963,-0.4287794702701708,-0.003060585107767193,-0.7359133044603129
-2.084281592204393,0.406640010903047,0.1901099274044647,1.1755855820935648,0.4042341115944795,1.732917197354617,-1.091823545226459,0.955130166317661,-0.32326296956669515,1.4065562241935414,0.5299617985299089,-0.213498747952854,-1.5432856868421019,-0.11255440057117734,-0.7359133044603129
-9.416509459789163e-05,-0.7471768864139869,1.0044336082438208,-0.7384079858311374,0.08275247251680187,1.6726261655803258,-1.1455342505680748,-1.4690729349024092,1.6369672736097984,-1.5130283769083284,-0.7776413004086417,-1.640835189978578,0.9669465155298378,-0.08459853279328539,-0.7359133044603129
-1.870840711114836,0.7330184958014914,-0.9967235223294905,1.115959614245443,-1.578881541511195,1.6701435936837372,0.362201977950139,-0.8366721258884778,-0.11323830065492778,-1.095944862465204,-1.2135090000548252,1.4867338026549215,0.7767774092895393,-0.38046480010930855,-1.4565138473835078
-0.4771973110594908,0.24115232841932924,1.5155516632387356,0.5972136939667855,-1.4007109945524818,0.10848765302023239,0.1396861986777309,-1.4807840609952598,-1.5134027600667093,-1.3276579260447174,0.9751032790196282,0.664531793107281,1.4729115921328133,0.05751046174433204,1.4258883243092715
-1.0170771867566064,0.4572056916619613,-1.3605702733428198,1.0145954689036363,1.6591744858254145,1.7183764191031703,0.0859754933361152,1.6812199840743973,-1.1633616452137638,-1.1422874751811065,0.18683190731908358,1.7385478084280594,-0.6454569973803292,-0.34319030973878595,-0.7359133044603129
0.5397857106025173,0.9352812188371464,1.3336282877320713,0.26927087080211687,0.2299368373957388,-1.64657246015845,0.6077366309403827,1.6929311101672477,1.0769014898450862,-1.2349727006129119,1.6335417189106716,-0.34389545791909915,-1.037320610239126,-1.0304387259452965,0.7052877813860767
0.703005207906297,-0.45757344206748046,0.5626196962990638,-0.338914001248723,-0.9242984450759234,-0.8874965483491869,1.1141518527327599,1.6460866057958456,-0.9533369763019968,-0.6325187353061769,-0.44378519004135214,0.9838866097311983,1.1559630817323163,-1.2191408334460672,-0.7359133044603129
0.30123413762007106,-0.15877623758298953,-1.6551128813059912,-0.3508391948183473,-1.5595151777113347,0.5403369453172637,0.9913845262376381,-0.8952277563527308,-0.7433123073902296,-0.9569170243174958,0.15901056478847614,-1.0017351474194671,-0.5036945727284702,0.14603737637432324,1.4258883243092715
-1.4816249867750546,1.6937664302208542,0.5106415890114453,-1.149827163983176,-1.5633884504713067,1.5088946381148485,-1.4140877772761535,-1.644739826295168,-1.1633616452137638,1.2675283860458333,-0.295404696544779,0.3842179076109816,1.427962530657834,1.6440059581397004,-1.4565138473835078
0.8913353971029652,-0.5816892039302688,-0.9880605044482207,0.191757112599559,-1.1412017196343567,0.5280423035436828,0.5041516992101236,-0.157426812503144,-0.1832465236255169,-0.7252039607379823,-0.10065529883052682,1.3731246930735528,1.6653857784487525,1.2712610544344742,0.7052877813860767
1.5818794241574154,-1.266624334210102,-0.5895616819098124,-1.4181440192997232,0.38099447503464756,-1.5206705996886065,-0.9383643871075569,-1.4924951870881102,1.0068932668744972,1.5919266750571524,-0.21194066895295666,0.1769105633233285,-0.016170136730614373,-1.0350980372416119,0.7052877813860767
-1.4062929110963878,-0.9816177699325875,1.3336282877320713,0.7164656296630285,0.5824046585531928,1.362068243088045,-0.06364718582981437,-1.2231392869525468,-0.46327941550787344,-0.6788613480220795,-0.091381517986991,-0.2662040049751387,0.9058618935253782,-1.566259525021559,-0.015312761537118044
0.3514555214058491,0.31010552945421177,1.5502037347638151,1.306762711359432,0.7063493868722975,-0.3325826206069846,-1.0381128398848432,0.7091965183677991,0.3068110371686066,-0.6325187353061769,0.4650453326251582,-1.0513171299515423,1.7322331006423113,0.25786084748589105,1.4258883243092715
-0.9291897651314948,0.18139288752243118,-1.1266687905485366,1.3485008888531171,-0.49436516871902914,0.9101219401995834,-0.8501253711891882,-0.028604425481787658,-0.11323830065492778,-1.3276579260447174,0.3815813050333358,0.019966020190303305,-0.7584059210866883,-1.0350980372416119,-1.4565138473835078
0.652783824120518,-1.6619560201434282,-1.4818525236805964,-0.6668568244133916,-1.2806395389933491,0.6532348577573581,-1.2644650981102241,-1.4339395566238575,-0.6733040844196404,1.7309545132048607,1.6799106231283505,1.2513169879553836,-1.3254556196941236,-1.6850719630775997,0.7052877813860767
-1.582067754346611,1.0456063404929588,-0.8234631647040955,-0.6668568244133916,-0.64929607911791,0.05268889420167264,1.3021393214284147,-1.1645836564882939,-0.7433123073902296,0.3406761317277796,-0.4994278751025671,1.132632557327424,0.66959118577228,0.5490678035055989,1.4258883243092715
-0.6906381921490481,-1.5562277785566085,0.553956678417794,-1.6089471164137124,-0.64929607911791,0.6538259463041649,-0.654464944587588,0.4047072399536838,1.0769014898450862,0.0162778427164607,1.6891844039718864,-0.6421681717341027,-1.024642669823106,1.3621176247126232,-0.7359133044603129
-0.6404168083632701,1.3857754655983794,-0.260367002421562,-0.2554376462613527,0.1950773825559907,1.4133747289508733,-0.5892448023870545,-1.5978953219237657,0.6568521520215519,-0.3081204462948582,0.9843770598631641,0.5107105244644647,-1.1214560329999852,-0.25699305075695245,-0.7359133044603129
0.60256244033474,1.275450343942567,0.8398362684996956,-0.27332543661578923,0.4236004753943396,-1.1647170768015653,-0.6429555077286702,1.2361971925460753,-1.3733863141255311,-0.21543522086305272,0.35375996250272834,-1.0286733898975235,-1.1917609753070046,0.18331186674484581,-0.015312761537118044
-1.3184054894712756,-0.37942648089461345,-0.3556601991155294,0.4421861775616693,-0.7654942619170706,-1.1015888200026016,0.661447336281998,-1.0708946477454895,-0.7433123073902296,-1.2349727006129119,-0.9445693555922864,-1.743122429532938,-1.0361680702013059,1.059262390452127,-0.015312761537118044
-0.941745111077939,-1.3171900149690157,-0.4163013242844175,-0.19581167841323113,-0.2542222576007638,0.7804371130301765,-1.015093966167008,0.4515517443250863,1.5669590506392093,-0.5861761225902743,-1.686471823075152,-1.7173554149887098,-0.22593242361385255,1.7255439058252187,0.7052877813860767
0.7532265916920751,-0.9678271297256109,0.9524555009562025,-1.5075829710719055,0.8380406607113459,0.9684032709147317,0.9645291735668301,-0.6727163605885697,0.8668768209333189,-0.9105744116015931,-1.0836760682453237,-1.2008438961703203,-1.4741332845729023,-0.3571682436277319,-1.4565138473835078
2.297534143104754,-0.7379831262760025,-0.7281699680101283,-1.0603882122109938,1.357059210547597,-1.031249282932595,-0.7503769184119018,1.0839525533390175,0.9368850439039079,-0.3081204462948582,1.2625904851692387,-1.4214251570413634,1.0049803367778976,-0.729913147332958,0.7052877813860767
-1.167741338113941,-0.1082105568240756,1.3856063950196893,-1.334667664312353,0.5126857488736964,0.0071750760975508076,1.0911329790149242,0.3812849877679827,0.37681926013919537,1.03581532246632,-0.6756297111297477,1.0611876533638824,0.15786340898020448,-1.3565905166873693,-0.015312761537118044
-1.4941803327214993,1.5650537882890736,1.1170528407003277,1.449865034194924,-0.8003537167568188,-0.09472858937193755,1.5668563691835213,0.5686630052535921,-0.8833287533314076,-1.095944862465204,1.0678410874549864,-0.3056353454140332,1.1882342027912758,-0.6903090013142777,-0.7359133044603129
1.305661813335635,-0.8391144877938302,-0.4163013242844175,-0.01097117808405443,1.1130430266693596,-1.5245717840975312,0.3238371884204134,1.0371080489676154,0.7968685979627297,-1.095944862465204,0.13118922225786867,-0.7526540068252624,-0.27894926535357206,-1.3472718940947386,-0.7359133044603129
0.3514555214058491,-0.8299207276558458,0.4500004638425571,-1.1617523575528006,-0.5640840783985254,-1.2675664839459446,-0.5278611391394935,1.599242101424443,0.23680281419801746,0.5723891953072933,-0.17484554557881338,0.7180178687521178,1.082200519311837,-0.6670124448327011,-1.4565138473835078
-0.07542624077326536,-1.4734839373147497,-0.6848548786037796,-0.6728194211982036,1.5042435754265335,-0.17535306715638194,0.17037803030151125,0.4866851226036378,-0.7433123073902296,-0.6788613480220795,-0.5272492176331746,-0.21037547346264449,0.6707437258101003,-0.7625283264071653,0.7052877813860767
-0.5399740407917135,1.3260160247014807,0.5626196962990638,1.5631543731063549,0.3964875660745359,0.6673027651713593,1.45943495850029,-1.1997170347668458,-1.3733863141255311,-0.21543522086305272,-0.8240102046263208,0.5396008134989025,1.1536580016566762,1.301546577860524,1.4258883243092715
-2.147058321936616,1.4777130669782228,-0.06978060903362768,-0.47605372729940265,-1.423950631112314,-1.4720831211410894,-0.22094282290168915,-1.3519616739739035,0.7968685979627297,0.2943335190118769,1.0585673066114507,1.229454066523917,1.091420839614397,1.010339621840816,-0.015312761537118044
1.6697668457825268,-1.6757466603504048,-1.221961987242504,-1.4777699871478447,0.5901512040731369,0.07656887149266643,-0.5969177602929996,-0.2745380734316498,-0.5332876384784622,-0.4008056717266634,0.5299617985299089,-1.4835002375342765,1.291962806195075,-0.8487255853889988,-1.4565138473835078
-0.9040790732386057,0.05727712565964252,1.4635735559511176,-0.5058667112234634,0.22219029187579467,1.6678974572058716,-0.9575467818724197,1.3064639491031784,-0.5332876384784622,-1.6520562150560363,-1.018759602340573,1.4316860897649801,0.7030148468690598,0.13438909813353492,-0.015312761537118044
-1.619733792185945,1.6432007494619405,0.623260821467952,0.30504645151098986,-0.9165518995559794,-0.5235042212255736,-0.48949634960976796,1.4704197144030868,-0.32326296956669515,0.5723891953072933,-1.6771980422316162,0.8979965612504381,-0.6857958987040289,1.515874897491029,0.7052877813860767
-0.2763117759163783,0.3882524906270788,0.2940661419797016,0.6508770650300948,0.36937465675473163,-0.033728251341478166,1.1755355159803207,0.9434190402248107,-1.5834109830372982,-0.44714828444256616,1.4666136637270266,-1.611164082321588,-0.1487122410799133,-1.2727229133536935,-1.4565138473835078
-0.8789683813457163,0.9766531394580762,-1.6811019349498006,-0.24351245269172844,-1.1605680834342167,0.3820434324824088,-1.5330186248183029,1.7163533623529488,0.6568521520215519,-1.5130283769083284,-1.2413303425854327,-0.9829955004782103,0.7675570889869793,-0.13818061270091164,-0.7359133044603129
0.3137894835665158,-0.7058049657930575,-1.421211398511708,-0.7920713568944467,-1.2031740837939089,0.4591213789860125,-0.13270380698332052,1.2830416969174774,0.5868439290509627,0.20164829358007164,0.6412471686523388,-0.8803178516125741,0.6523030852049801,1.618379746009966,0.7052877813860767
0.06268256463762485,-1.5102589778666868,-1.1266687905485366,1.2411741467264985,-0.5214780780388332,0.06084591614760616,-0.40893029159734423,-1.0123390172812365,1.4969508276686203,1.313870998761736,-0.38814250498013725,0.3580604837554776,1.7264704004532114,-1.1981739326126482,0.7052877813860767
-0.46464196511304656,1.6202163491169796,0.28540312409843205,1.3365756952834926,-0.8081002622767629,-1.396423787149822,0.10899436705395059,-0.1808490646888453,-0.7433123073902296,1.03581532246632,-1.065128506558252,0.9276676689074281,0.3388121949179429,0.6236167842466441,-0.7359133044603129
1.2805511214427454,-1.4413057768318045,-1.2132989693612342,-0.1063727266410488,1.1595222997890235,0.6164691501459766,-0.9882386134962,1.7514867406315007,0.4468274831097845,1.5455840623412498,1.3367807319175253,-0.02258859473880052,0.3929815766954823,-0.6600234778882281,-1.4565138473835078
1.1424423160318562,-0.7241924860690261,1.2643241446819131,0.33485943543505065,1.0471973897498352,0.06486531826589224,-1.3833959456523732,-0.2042713168745464,1.2869261587568537,-0.5398335098743716,-0.5828919026943894,-0.5797026819299135,-1.7034887520990805,1.273590710082632,-0.7359133044603129
1.4437706187465251,1.6845726700828703,-1.0400386117358391,-0.27332543661578923,0.5165590216336683,-0.6176055178772125,1.3558500267700306,0.5920852574392932,-0.6733040844196404,-0.8178891861697878,1.244042923482167,0.4373135739445425,-1.1836931950422647,0.9567575419331898,0.7052877813860767
-0.7408595759348265,0.17679600745343896,1.4982256274761965,1.7420322766507195,-1.6447271784307194,1.3193916500085958,-0.6352825498227251,1.0371080489676154,0.23680281419801746,-0.4008056717266634,1.605720376380064,-0.5016208196746769,0.7133877072094398,1.681280448510223,-1.4565138473835078
-0.9794111489172728,-1.4734839373147497,1.6454969314577819,-0.3925773723120323,-0.14964389308151937,1.3302676792698405,0.10515788810097798,0.791174401017753,1.2169179357862645,1.4065562241935414,-1.5937340146397938,-0.07763630762874237,0.38260871635510263,-0.6157600205732325,0.7052877813860767
0.4644536349238499,-0.7425800063449947,1.411595448663499,-0.297175823755038,0.7644484782718778,-0.45470151437726475,-0.15572268070115589,1.294752823010328,1.2169179357862645,1.4065562241935414,-1.2413303425854327,0.6676550675974904,0.8920314130715383,1.3178541673976276,1.4258883243092715
0.451898288977406,1.082381381044896,-0.7801480752977468,-0.6787820179830159,-0.6415495335979658,1.2274182721254614,0.887799594507379,0.7209076444606494,-0.6733040844196404,-0.9569170243174958,0.6134258261217314,1.066262974410473,1.0718276589714568,0.43724433239403104,-0.7359133044603129
0.32634482951296057,0.7697935363534286,-1.0313755938545695,0.8297549685744594,0.48557283955389224,1.6770002208266959,1.30981227933436,-0.29796032561735114,1.1469097128156753,1.6382692877730551,-1.0465809448711805,0.3436153392382587,0.2788801129513035,-0.2896082298311597,1.4258883243092715
2.5360857160872,0.14921472703948588,0.8744883400247745,-0.21966206555247988,0.26479629223548695,-1.5569634364625426,0.6844662099998338,-0.5673162257529144,-1.5134027600667093,-0.6788613480220795,-1.6586504805445446,1.1814337212369468,0.6442353049402404,0.7121436988766353,1.4258883243092715
0.5146750187096287,0.5537401731107966,-1.455863470036787,1.3842764695619902,0.1950773825559907,-1.1737016227130284,-1.2798110139221142,0.6506408879035461,-1.5834109830372982,1.5919266750571524,-0.39741628582367305,0.7832162237352405,1.660775618297472,0.6888471423950586,-0.015312761537118044
1.0671102403531887,0.6134996140076946,0.3893593386736689,0.644914468245283,0.37712120227467577,-0.33033648412911887,-0.8309429764243252,1.3767307056602822,-0.46327941550787344,1.6382692877730551,0.6597947303394104,0.9608524603659037,1.5766401955366125,1.7511701179549528,-0.015312761537118044
1.255440429549857,-1.0137959304155326,0.9091404115498537,-1.567208938920027,1.1517757542690799,-1.0782999312584145,1.2254097423689636,0.10021796153956869,-0.32326296956669515,1.6382692877730551,-0.295404696544779,-0.48405240066724864,1.1087089401816967,1.6859397598065382,-1.4565138473835078
-0.3139778137557116,-0.6828205654480967,-0.191062859371404,-1.3942936321604746,1.2834670281081282,1.401907611142822,-0.1288673280303479,0.9199967880391096,0.23680281419801746,-1.0496022497493012,-0.7498199578780342,-0.1244854249818843,-0.7641686212757882,1.1873934511007984,-0.015312761537118044
0.012461180851846389,0.8709248978712565,0.0861537128292278,0.7343534200174653,0.5669115675133044,1.0811829656454646,-0.11735789117143035,1.1073748055247186,-1.233369868184353,0.6650744207390987,-1.3062468084901835,0.4064712383537242,-1.3058624390511837,-0.764857982055323,1.4258883243092715
0.4644536349238499,1.0915751411828805,0.3720333029111295,-0.08252233950180025,0.9581121162704789,0.5975543166481597,0.0859754933361152,-1.08260577383834,0.23680281419801746,-1.4666857641924256,-0.9631169172793581,-1.0349199388779426,0.5301338411960612,1.7325328727696916,1.4258883243092715
0.8536693592636311,-1.2804149744170785,1.1343788764628668,0.5375877261186639,1.0936766628694996,-0.5915976218177144,-1.375722987746428,-0.2042713168745464,-1.303378091154942,-0.8642317988856903,-0.3324998199189223,-0.03234882752070509,1.463691271830254,-0.6763310674253318,-0.015312761537118044
-0.8789683813457163,-0.07143551627213807,1.3682803592571502,0.8357175653592717,-1.5478953594314189,1.0191186682307531,0.5118246571160688,-0.8132498737027767,-1.233369868184353,-0.6788613480220795,0.21465324984969106,0.6075320336609583,-0.5544063343925498,0.3254208612824633,-0.7359133044603129
0.9917781646745213,-0.11280743689306784,1.749453146033019,-1.1080889864894912,0.2764161105154029,-1.334595925153833,-1.229936787533471,0.6740631400892472,1.4269426046980318,0.06262045543236344,-0.40669006666720886,1.269275816274088,-0.8448464239231875,0.5257712470240222,-0.015312761537118044
0.15056998626273616,0.6410808944216481,0.935129465193663,-0.6012682597804578,-1.040496627875084,-1.034204725666629,-0.24779817557249714,1.6226643536101444,1.5669590506392093,1.7309545132048607,-0.41596384751074467,1.485172165409817,-1.4925739251780223,-1.1119766736308148,0.7052877813860767
0.32634482951296057,-0.057644876065161686,1.6368339135765124,-1.4598821967934084,-0.5137315325188893,1.5042841474497557,0.9376738208960221,-0.29796032561735114,-0.32326296956669515,-0.16909260814715,-0.8982004513746074,-1.692369219067034,-1.272438777954404,0.486167101005342,-0.015312761537118044
-2.2223903976152832,1.2524659435976062,1.6541599493390517,0.8476427589288962,0.009160290077333533,1.1985731510412905,-0.013772959441171266,0.7209076444606494,-0.39327119253728426,-0.26177783357895545,0.11264166057079704,-0.80301680797989,0.5958286233518009,-1.2238001447423825,-0.015312761537118044
1.104776278192522,-0.007079195306247772,-1.5338306309682146,-1.4956577775022812,-0.2503489848407917,-0.9879816013063389,-0.4166032495032895,-1.0123390172812365,0.6568521520215519,0.9894727097504173,-0.38814250498013725,-1.6685542510791869,-0.8413888038097276,-0.2034109708493262,-1.4565138473835078
0.2761234457271816,-0.45297656199848824,-1.3692332912240897,0.3706350161439237,-0.14964389308151937,1.740246695335021,-0.4204397284562621,-0.16913793859599455,-0.32326296956669515,1.221185773329931,-1.0002120406535013,0.577470516692692,-0.7975922823725679,-1.6291602275218158,-1.4565138473835078
1.4563259646929698,0.9490718590441234,-1.0920167190234578,-1.406218825730099,1.6514279403054701,1.5574821166623656,1.3827053794408388,-0.4502049648244085,-0.46327941550787344,1.1748431606140284,-1.278425465959576,0.08711642172980646,0.4114222173006024,1.0895479138781767,1.4258883243092715
1.1298869700854115,0.4939807322138985,0.8831513579060444,-1.2750416964642315,0.8883932065909821,-1.6257661433108515,0.9760386104257477,0.8614411575748567,1.5669590506392093,-0.3081204462948582,1.448066102039955,-0.9010095451102118,0.0022705038745057405,0.6142981616540134,0.7052877813860767
-0.8538576894528273,-1.2942056146240548,0.47598951748636636,1.6585559216633494,-0.09154480168193906,0.663519798471796,1.635912990337027,1.5641087231458917,-1.023345199272586,-0.5398335098743716,1.253316704325703,-1.168439923334397,-1.0788120516006456,0.9637465088776629,-0.015312761537118044
-1.9838388246328367,0.14002096690150143,1.1517049122254066,-0.4164277594512811,-0.9359182633558395,-0.6530708306856191,1.3174852372403052,1.072241427246167,0.37681926013919537,1.5919266750571524,1.4758874445705625,-1.585006658466084,1.6619281583352923,1.5811052556394434,0.7052877813860767
0.28867879167362637,0.19518352772940756,-1.3605702733428198,-0.16003609770435834,-0.39753334971972865,-1.2608280745123472,1.7510073589262036,0.4047072399536838,-0.6032958614490512,-0.07640738271534452,0.49286667515576565,-1.311720140572756,-0.9992867889910662,-1.2517560125202745,0.7052877813860767
-1.9210620949006139,1.1651252222867547,1.0477486976501695,-1.0067248411476843,-1.2845128117533213,-1.695514591834051,0.23943465145501738,-0.39164933436015564,0.726860374992141,0.3406761317277796,1.4944350062576341,-1.6915884004444819,1.3876236293341344,-1.717687142151807,1.4258883243092715
1.1424423160318562,1.735138350841784,1.5155516632387356,-0.3866147755272203,1.3415661195077087,-0.5425372724327518,0.25478056726690756,1.271330570824627,-1.1633616452137638,0.8967874843186119,-0.8425577663133924,-0.5433946159812284,0.3537952154096029,1.7325328727696916,-0.7359133044603129
-1.4314036029892767,-1.4688870572457573,0.016849569779069783,-0.8218843408185075,1.031704298709947,-1.495253792175915,-0.5892448023870545,0.5803741313464424,1.3569343817274426,0.24799090629597412,-0.23976201148356413,0.8409968018041154,-0.7295924201411885,1.178074828508168,-0.7359133044603129
-0.05031554888037635,1.6432007494619405,-1.4991785594431357,0.7224282264478408,-1.5517686321913906,-0.6508246942077534,-1.2337732664864434,-0.48533834310296037,0.4468274831097845,1.4528988369094442,1.5408039104753133,-1.406199193901592,-0.12911906043697327,1.5671273217504975,0.7052877813860767
-2.4734973165441745,-0.19555127813492673,0.35470726714858974,1.3246505017138686,0.43134702091428373,0.29397123900819905,0.189560425066374,-0.5790273518457649,-1.1633616452137638,0.20164829358007164,1.50370878710117,-1.3831650445362975,0.13827022833726443,0.693506453691374,1.4258883243092715
-0.8538576894528273,0.5169651325588593,-0.13042173420251585,1.2590619370809348,1.6901606679051904,1.5786430866380483,-1.0035845293080903,-1.4924951870881102,-1.6534192060078874,-0.4934908971584689,-0.9909382598099655,0.34908106959612517,1.3588101283886347,1.5671273217504975,-0.015312761537118044
-2.4107205868119514,0.9720562593890842,0.28540312409843205,1.5393039859671063,-1.5517686321913906,1.4342992635078333,0.18572394611340168,-0.8600943780741789,1.2869261587568537,0.4797039698754878,1.4851612254140985,0.43653275532199,0.20972771068210405,0.22524566841168375,1.4258883243092715
0.0375718727447354,-0.9034708087597206,-1.6464498634247213,1.4439024374101117,0.6482502954727172,-0.580485157137747,-1.410251298323181,0.4632628704179367,1.7069754965803876,1.1285005478981256,0.17755812647554778,1.190803544707575,-0.8909480254359872,1.7302032171215338,-1.4565138473835078
-1.0547432245959403,-0.3656358406876371,-1.6811019349498006,1.610855147384852,-1.3000059027932094,-0.6537801369417873,1.2867934056165249,1.4587085883102362,0.16679459122742835,-0.3081204462948582,0.7618063196183045,-0.42666223190964986,0.8597602920125785,-1.0420870041860848,-1.4565138473835078
0.3765662132987386,-0.6000767242062374,-0.15641078784632514,0.7164656296630285,0.857407024511206,-0.6722220996021587,0.2701264830787977,0.2758848529323276,0.3068110371686066,-1.4666857641924256,0.15901056478847614,0.40998492215520976,-1.7219293927042005,0.30445396044904427,1.4258883243092715
-0.5525293867381583,0.8525373775952875,-0.9100933435167929,0.22753269330843204,-1.1799344472340767,0.7650688108132003,0.9606926946138578,-1.1762947825811447,-1.1633616452137638,-0.8642317988856903,-1.5937340146397938,0.08516437517342555,0.7099300870959797,0.41394777591245446,-0.015312761537118044
0.8160033214242978,1.1467377020107865,-0.44229037792822684,-1.4777699871478447,-0.9669044454356156,-0.6016461271134296,0.5578624045517395,1.3181750751960293,1.1469097128156753,1.0821579351822228,-0.3788687241366014,-1.747807341268252,-0.4414574106861908,-0.8557145523334717,-1.4565138473835078
-0.7659702678277155,0.9536687391131153,-0.48560546733457555,0.3110090482958021,-0.48274535043911293,-1.4032804142927806,-1.126351855803212,-1.363672800066754,-1.023345199272586,1.1748431606140284,0.270295934910906,1.3036318356663918,-0.9232191464949469,1.5508197322133939,-1.4565138473835078
-0.10053693266615436,0.17679600745343896,0.11214276647303711,1.181548178878377,-0.9901440819954477,1.7364637286354576,-1.1378612926621297,1.072241427246167,0.726860374992141,-1.0032596370333984,-0.3324998199189223,1.3001181518649063,-0.7146093996495286,-1.4730732990952524,1.4258883243092715
0.4142322511380718,-0.7931456871039086,-0.4163013242844175,1.157697791739128,0.09049901803674602,-1.6290762391729694,-1.410251298323181,-1.1528725303954435,-1.5834109830372982,1.0821579351822228,1.040019744924379,1.0233179501700929,-0.45528789114003076,-0.4084206678872005,-1.4565138473835078
1.255440429549857,-1.2068648933132038,-1.2652770766488526,-1.680498277831458,-0.7964804439968467,1.393277718359443,0.742013394294422,-1.1528725303954435,-0.5332876384784622,-0.771546573453885,-0.1284766413611343,1.25678271831325,0.6476929250537005,0.21825670146721077,0.7052877813860767
0.4393429430309613,0.25953984869529784,-0.2690300203028319,-0.756295776185574,0.10599210907663405,-0.5314248077527844,-0.40509381264437194,1.4938419665887879,-1.6534192060078874,-1.6520562150560363,-0.0450126137693119,-0.9459066159069729,0.5531846419524611,0.35104707341219754,1.4258883243092715
-1.3184054894712756,-0.7885488070349164,0.6145978035866821,0.2871586611565536,-0.3781669859198685,-0.6996486081739932,0.055283661712334606,-0.7898276215170754,-0.7433123073902296,-0.07640738271534452,1.448066102039955,1.4367614108115703,-0.7699313214648882,1.590423878232074,1.4258883243092715
-0.15075831645193283,-1.684940420488389,0.07749069494795795,1.7062566959418466,-1.210920629313853,-0.3884995971349057,1.2714474898046344,0.1821958441895229,0.726860374992141,-1.6520562150560363,-0.007917490395168621,-1.5248836245295518,1.1248445007111763,-0.8324179958518951,0.7052877813860767
0.012461180851846389,0.49857761228289044,-1.3605702733428198,-1.4121814225149112,-0.8352131715965668,1.4898615869076703,-0.7580498763178467,-1.0943168999311905,1.2869261587568537,0.38701874444368234,-1.4546273019867566,-0.9298998341446493,0.795218049894659,-0.5784855302027099,1.4258883243092715
0.28867879167362637,-0.448379681929496,0.216098981048274,1.1040344206758188,1.3067066646679608,0.8260691488436597,0.7305039574355044,-0.005182173296086579,-0.6032958614490512,-1.188630087897009,0.5577831410605164,-1.4245484315315726,1.3968439496366944,-0.9908345799266162,-0.015312761537118044
0.7281158997991856,1.735138350841784,-0.7628220395352073,-0.297175823755038,1.039450844229891,0.3184423048459996,-1.6826413039842325,-0.7781164954242249,-0.7433123073902296,-0.8178891861697878,0.9009130322713417,-1.5588492346105798,0.25467677215708345,-0.536551728535872,-0.7359133044603129
1.7827649593005275,0.7651966562844367,0.7272170360431889,0.7701290007263379,1.419031574707149,0.32624467366384907,-0.6659743814465056,-0.7078497388671214,-1.1633616452137638,0.8041022588868064,0.18683190731908358,-1.3940965052520307,0.21779549094684386,-1.303008436779743,1.4258883243092715
-9.416509459789163e-05,1.1329470618038102,-0.43362736004695696,-0.5058667112234634,0.2570497467155428,-0.8110096903923899,-0.46647747589193256,-0.5907384779386157,1.1469097128156753,0.7577596461709037,-0.07283395629991936,0.9893523400890648,-0.8114227628264078,0.14603737637432324,-0.7359133044603129
0.9164460889958538,1.6845726700828703,-0.01780250174600908,-0.3508391948183473,1.6824141223852462,-0.8092364247519697,0.7650322680122572,-0.8483832519813284,-1.023345199272586,-0.9105744116015931,0.11264166057079704,0.36118375824568694,1.276979785703415,-0.6087710536287595,1.4258883243092715
-1.0170771867566064,-1.588405939039554,-0.9534084329231417,0.04865478976406713,0.1137386545965782,1.005168978526113,0.1396861986777309,-1.08260577383834,-0.8833287533314076,0.2943335190118769,-0.5736181218508536,-1.219973952422853,-1.2920319585973439,-0.22670752733090282,0.7052877813860767
0.16312533220918088,-0.020869835513224473,0.3460442492673202,-1.1140515832743032,1.4693841205867852,-1.0298306704202589,-0.6429555077286702,0.08850683544671815,0.726860374992141,0.06262045543236344,0.1497367839449403,-1.4276717060217823,-0.17061050179849285,-0.8720221418705754,1.4258883243092715
-0.5148633488988246,0.5169651325588593,-0.42496434216568724,-0.613193453350082,-1.3000059027932094,0.40675093373893206,0.16270507239556628,-1.2582726652310987,0.9368850439039079,-0.9105744116015931,-0.7869150812521775,-1.4456305343404867,-1.522539966161342,0.9637465088776629,-0.015312761537118044
0.11290394842340286,-1.6619560201434282,0.8311732506184257,1.718181889511471,1.5158633937064496,0.8469936834006196,1.041258752626281,-0.22769356906024746,-0.8833287533314076,-1.095944862465204,-1.6586504805445446,-1.0357007575004948,-1.0073545692558061,-0.06596128760802408,-1.4565138473835078
0.451898288977406,-0.8575020080697989,-1.2826031124113921,0.6329892746756585,1.4887504843866453,-0.6764779371391675,0.8686171997425163,-1.445650682716708,-1.5134027600667093,-0.5861761225902743,1.1698526767338806,0.10273279418085378,1.3357593276322348,-1.2401077342794862,0.7052877813860767
-1.368626873257054,1.735138350841784,-0.9620714508044116,1.6645185184481612,0.02465338111722156,-0.6648926016217547,1.455598479547317,-0.9889167650955353,0.23680281419801746,-1.4666857641924256,0.17755812647554778,-1.3089872753938228,0.5301338411960612,-1.3822167288171034,-0.015312761537118044
0.7657819376385198,-0.6920143255860808,-0.38164925275933853,-1.1557897607679883,-0.2426024393208478,-0.7004761321395226,-0.19408747023088144,0.11192908763241924,-1.4433945370961203,0.1553056808641689,0.8545441280536626,1.0588451974962256,1.0095904969291774,-0.8696924862224177,-1.4565138473835078
0.9038907430494091,-0.1082105568240756,0.7272170360431889,-0.9172858893755022,0.5630382947533327,1.729607101492499,1.2215732634159913,-0.7664053693313744,0.726860374992141,1.499241449625347,1.1142099916726655,0.1402120880633674,0.2535242321192635,0.8216375143400454,-0.015312761537118044
0.9164460889958538,-0.4989453626884099,-0.10443268055870654,1.0145954689036363,1.3686790288275128,0.07526847668969153,0.4849693044452608,-0.2511158212459487,-0.5332876384784622,0.06262045543236344,0.4557715517816224,0.2713896166521649,-0.8748124649065072,0.39531053072719313,-0.7359133044603129
0.25101275383429306,0.8019716968363739,-0.9880605044482207,-1.6149097131985244,0.49719265783380817,1.177412181065608,-1.5637104564420832,-0.005182173296086579,0.23680281419801746,1.7309545132048607,1.2996856085433819,0.126547762168701,-0.3746100884926314,1.67429148156575,-1.4565138473835078
0.20079137004851505,0.09864904628057197,-1.6117977918996425,1.3485008888531171,-0.6686624429177701,0.517166274282438,-1.2683015770631967,-1.586184195830915,0.4468274831097845,-1.095944862465204,-0.017191271238704443,-0.22638225522496808,-0.6489146174937891,0.04586218350354372,-1.4565138473835078
0.21334671599495889,0.029695845245689443,-0.46827943157203594,1.449865034194924,-1.3309920848729855,-0.7728253702686722,1.2522650950397716,-0.0988711820388911,-0.1832465236255169,-0.26177783357895545,-1.2876992468031117,-0.2712793260217291,0.5981337034274408,-1.419491219187626,1.4258883243092715
-1.3811822192034982,0.08026152600460336,0.22476199892954357,0.9191939203466418,0.9077595703908422,-0.7573388503423346,-1.4332701720410164,-1.6213175741094668,-0.46327941550787344,-1.0496022497493012,0.6412471686523388,1.3805424699878002,0.6384726047511404,1.0219879000816043,0.7052877813860767
-1.9085067489541694,0.1859897675914231,0.8831513579060444,-0.4879789208690269,-0.823593353316651,0.36147355105353296,-0.9652197397783647,0.3578627355822816,-0.6733040844196404,0.8967874843186119,-0.7869150812521775,1.0268316339715784,-1.2194219362146845,-0.9489007782597783,-0.7359133044603129
-0.20097970023771083,1.4777130669782228,1.5328776990012754,-0.5058667112234634,1.2602273915482964,1.3206920448115707,-1.4562890457588518,0.05337345716816633,0.4468274831097845,-0.8178891861697878,0.6412471686523388,-1.5436232714708085,0.24430391181670377,-0.4387061913132501,1.4258883243092715
-0.37675454348793436,0.11243968648754867,-0.7714850574164771,0.6031762907515977,-1.3581049941927896,0.9532714041164781,0.4350950780566177,-1.5042063131809609,-0.46327941550787344,-1.0496022497493012,-0.3139522582318507,0.009424968785846196,0.5358965413851612,0.5956609164687521,0.7052877813860767
-1.0421878786494956,-1.5516308984876164,0.5972717678241427,-1.143864567198364,1.2408610277484362,-0.16920574626959145,0.059120140665307214,0.6740631400892472,0.726860374992141,-1.2349727006129119,-0.05428639461284772,-1.6716775255693965,-1.3392861001479635,1.1501189607302758,0.7052877813860767
0.1254592943698476,0.8065685769053659,-1.0660276653796485,0.17983191902993453,0.10986538183660613,0.7413070512315679,-0.9920750924491726,-0.9069388824455813,1.2169179357862645,0.8504448716027092,1.086388649142058,1.5823840839175862,0.9934549363996977,0.20893807887458013,-1.4565138473835078
-1.5569570624537221,0.8939092982162172,-0.7021809143663192,0.2633082740173046,-0.9630311726756435,1.6877580323785792,1.5284915796537957,0.2407514746537758,-0.7433123073902296,0.711417033455001,-1.2320565617418968,-0.3833267983579935,0.44254079832174203,0.12740013118906193,-0.7359133044603129
1.1424423160318562,0.011308324969720836,-1.4905155415618658,0.191757112599559,-1.2380335386336572,1.4346539166359173,-0.0483012700179242,0.22904034856092506,-1.7234274289784766,-0.8178891861697878,0.4094026475639433,0.8491953973409153,-0.8045075225994879,0.5513974591537565,-0.015312761537118044
0.8034479754778531,-0.42079840151554293,-1.118005772667267,-1.5314333582111541,0.2725428377554311,-0.15442853259942202,-0.6391190287756975,1.435286336124535,-0.8133205303608186,0.0162778427164607,-0.9723906981228939,0.6836618493598139,0.25121915204362366,-1.088680117149238,-0.015312761537118044
-0.012649511041042618,1.4225505061503165,0.69256496451811,-0.9292110829451263,-1.1605680834342167,1.4727200190502738,0.5386800097868768,1.1073748055247186,-1.303378091154942,0.5723891953072933,1.6428154997542073,-1.1797617933614062,1.2389459644553558,0.3673546629493012,-0.015312761537118044
0.7783372835849636,-0.8115332073798772,-0.14774776996505526,-1.1319393736287398,1.6940339406651628,-0.5783572383692425,-0.946037345013502,-0.5087605952886615,1.4269426046980318,0.6650744207390987,1.6984581848154223,-0.24668353941132953,1.1732511822996161,-1.4777326103915678,0.7052877813860767
-0.05031554888037635,-1.1471054524163056,1.4549105380698477,0.20368230616918306,0.24155665567565476,-0.6768325902672516,1.282956926663552,0.3812849877679827,0.5868439290509627,-0.771546573453885,-0.25830957317063574,1.3231523012302011,1.4994200130026734,-0.3991020452945699,-0.015312761537118044
-0.5399740407917135,1.3811785855293868,1.402932430782229,1.5810421634607912,0.7528286599919614,-0.6566173619664598,1.30981227933436,0.5452407530678907,0.4468274831097845,-1.095944862465204,-0.3695949432930656,-0.8116058128279658,0.9992176365887976,-0.45501378085035377,0.7052877813860767
-0.8161916516134935,0.6364840143526554,1.437584502307308,-0.15407350091954608,1.0355775714699194,-1.6939777616123535,-0.42427620740923466,-1.5744730697380642,-0.11323830065492778,-0.5861761225902743,-0.8425577663133924,-1.1930357099447966,0.7237605675498198,0.1157518529482736,-0.7359133044603129
-1.2430734137926085,0.11243968648754867,1.2123460373942945,1.5094910020430456,-1.404584267312454,-1.0556021310610342,-0.17490507546601866,-1.2699837913239493,-1.1633616452137638,1.1748431606140284,1.4758874445705625,0.7394903808723079,-0.53711823382525,1.3178541673976276,-0.7359133044603129
-1.3560715273106092,-0.4667672022054646,-1.1699838799548854,1.1636603885239403,-1.1876809927540208,1.2650115037023724,-0.09050253850062236,-1.1528725303954435,0.02677814528625009,-1.6057136023401335,-0.6478083685991401,-0.2439506742323963,-0.06918697847033388,-1.088680117149238,0.7052877813860767
-0.20097970023771083,-0.77475816682794,-0.7541590216539377,-1.0126874379324966,-1.3890911762725657,-0.745517079406199,-0.5738988865751643,-0.2394046951530982,0.726860374992141,-0.8178891861697878,0.17755812647554778,0.02191806674668422,0.04145686516038516,-0.5062662051098223,-1.4565138473835078
-0.41442058132726806,-1.5424371383496323,-0.2690300203028319,1.115959614245443,-0.7693675346770427,0.7622315857885278,-0.22861578080763437,-1.3519616739739035,0.23680281419801746,-0.9105744116015931,1.3924234169787402,0.7898531820269353,0.8401671113696388,0.0598401173924897,1.4258883243092715
-0.7910809597206045,0.48478697207591404,0.12946880223557655,0.9191939203466418,1.531356484746338,1.6070153368847735,-1.575219893301001,0.08850683544671815,0.5168357060803735,1.1285005478981256,-0.40669006666720886,-1.2508162880136715,1.4775217522840938,-0.315234441960894,0.7052877813860767
-0.2888671218628226,0.6778559349735852,-1.0400386117358391,0.5316251293338516,-0.6919020794776023,-1.2944019039709722,0.9683656525198024,-1.4807840609952598,-0.32326296956669515,-0.9105744116015931,-0.1284766413611343,1.4312956804537038,-0.178678282063233,1.4087107376757764,-0.015312761537118044
-0.36419919754149005,-1.0919428915883995,-0.8581152362291745,-1.6924234714010824,-1.044369900635056,-1.0723890457903467,1.110315373779787,-0.48533834310296037,1.5669590506392093,0.9431300970345147,-0.7776413004086417,-0.7885716634626712,0.3099986939724431,0.21825670146721077,-0.015312761537118044
-1.5318463705608332,0.7881810566293975,-1.5338306309682146,1.2829123242201834,-0.29682825796045603,0.9978394805457091,1.7164790483494505,-0.6961386127742707,-0.32326296956669515,-1.6520562150560363,-0.916748013061679,-1.2375423714302813,-1.2309473365928845,-0.6250786431658631,1.4258883243092715
0.23845740788784836,1.215690903045669,1.0390856797688999,-0.6489690340589551,0.1718377459961585,0.4001307420146962,-1.5023267931945223,-0.4150715865458569,1.1469097128156753,-0.26177783357895545,1.2996856085433819,-1.149309867081864,0.2719648727243833,1.7465108066586374,0.7052877813860767
-0.5399740407917135,1.555860028151089,-1.629123827662182,1.4319772438404872,-0.19224989344121138,0.26228889289935575,1.0527681894851988,0.2641737268394769,1.3569343817274426,0.20164829358007164,1.3924234169787402,0.7258260549776415,-1.3381335601101434,0.8356154482289914,0.7052877813860767
0.21334671599495889,-0.06683863620314616,-1.5251676130869452,0.4064105968527967,-1.234160265873685,-1.669861348902637,-0.8808172028129686,-0.40336046045300616,-0.8133205303608186,1.313870998761736,-1.2042352192112893,0.06134940718557876,0.2558293121949037,1.6300280242507543,-1.4565138473835078
1.506547348478748,-1.1149272919333604,0.18144690952319484,-0.47605372729940265,0.803181205871598,-0.17606237341255007,-0.16339563860710082,1.5406864709601902,0.5168357060803735,0.43336135715958507,1.0307459640808432,-0.6648119117881213,-1.3196929195050238,-0.005390240755924856,-0.015312761537118044
1.2931064673891903,-0.0024823152372555383,0.7012279823993796,-0.2554376462613527,1.6553012130654425,-0.3954744419872257,-0.38207493892653654,-0.4150715865458569,-1.6534192060078874,-0.44714828444256616,-1.8163047548846536,-0.35209405345589884,-1.0661341111846259,1.7208845945289033,-1.4565138473835078
-0.5023080029523799,1.1513345820797785,0.9957705903625511,1.1099970174606308,-1.5595151777113347,-0.7630133003916797,-1.394905382511291,-1.5627619436452138,0.23680281419801746,0.2943335190118769,0.10336787972726122,1.2114952382052127,-1.532912826501722,-1.123624951871603,0.7052877813860767
-0.9040790732386057,0.9766531394580762,-0.7974741110602863,1.7062566959418466,-0.7306348070773224,-0.9973208003458861,0.6269190257052454,-0.9186500085384318,-0.1832465236255169,1.313870998761736,-1.7235669464492953,-1.5627533277233416,-0.9866088485750464,0.11808150859643127,-1.4565138473835078
0.06268256463762485,0.9122968184921856,0.6665759108743007,0.8774557428529569,0.39261429331456354,-0.49394979388523474,0.03226478799449949,0.767752148832052,-0.1832465236255169,0.711417033455001,-0.8054626429392491,1.1537146601363377,-1.644709210170261,-0.515584827702453,-0.015312761537118044
-1.167741338113941,0.9031030583542018,-1.256614058767583,0.012879209055194322,-1.5091626318316986,0.5784030477316201,1.0949694579678972,-1.4573618088095586,-0.6733040844196404,-1.6520562150560363,0.08482031804018958,1.124433961790624,1.203217223282936,1.266601743138159,-0.015312761537118044
2.360310872836977,-0.21393879841089536,1.1863569837504855,-1.6864608746162701,1.2214946639485762,0.3357020904127575,0.5041516992101236,0.9199967880391096,-1.7934356519490657,-0.26177783357895545,-1.0373071640276446,1.6038565960377764,-1.1733203347018848,-1.1422621970568643,-0.7359133044603129
-0.6780828462026037,-0.40700776130856653,0.6579128929930309,-0.7443705826159497,0.44684011195417206,0.031173271097905957,-1.3565405929815653,1.7046422362600984,0.5868439290509627,-1.4666857641924256,-1.0094858214970373,-0.7366472250629388,-0.7457279806706683,-0.9954938912229315,-1.4565138473835078
1.1549976619783,-1.436708896762812,0.12946880223557655,-1.1259767768439275,-1.2767662662333774,0.9322286518501568,0.0054094353236915065,-0.05202667766748874,-0.11323830065492778,1.1285005478981256,0.5577831410605164,0.021527657435407948,1.2135900836233158,-0.6041117423324441,0.7052877813860767
-0.36419919754149005,-1.648165379936452,1.0390856797688999,-1.483732583932657,0.3538815657148433,-1.4133289195884957,1.0872965000619519,1.0839525533390175,-1.303378091154942,1.4065562241935414,1.4109709786658118,0.6750728445117378,1.086810679463117,-0.08692818844144305,-0.015312761537118044
0.703005207906297,-1.4826776974527338,0.857162304262235,-1.2333035189705464,-0.6454228063579379,0.32778150388554667,0.9722021314727753,0.5686630052535921,1.5669590506392093,-1.3276579260447174,-0.8703791088439998,-1.578760109485665,-0.46566075148041053,0.0598401173924897,-0.015312761537118044
-0.7910809597206045,-1.491871457590718,-0.165073805727595,0.8118671782200232,0.5359253854335284,-0.6048380052661861,0.4082397253858097,-1.5744730697380642,-1.7234274289784766,-0.07640738271534452,1.1142099916726655,-1.371843174509288,-0.5982028558297094,-1.5872264258549778,0.7052877813860767
1.355883197121413,-0.9080676888287128,-0.6502028070787006,-0.9828744540084359,0.9619853890304507,1.025738859954989,1.3251581951462503,1.599242101424443,-0.7433123073902296,1.1748431606140284,1.559351472162385,0.39397814039288614,-0.287017045618312,-1.2773822246500086,-0.7359133044603129
-0.615306116470381,-0.4851547224814332,-0.7541590216539377,1.724144486296283,-0.4246462590395326,0.5483757495538358,0.8724536786954886,-1.668162078480869,-0.6032958614490512,0.2943335190118769,0.16828434563201194,1.3985012983065046,-0.5855249154136897,-1.3472718940947386,-0.015312761537118044
-1.19285203000683,-1.6895373005573815,-0.9620714508044116,0.9072687267770178,-1.609867723590971,0.9551628874662598,-1.3220122824048124,1.1776415620818224,1.0068932668744972,-0.26177783357895545,-1.630829138013937,0.22493090861029924,1.2274205640771558,-1.179536687427387,-0.7359133044603129
-1.0547432245959403,-0.04845111592717722,1.1863569837504855,1.5929673570304157,1.1943817546287718,-0.25810546370933074,1.3059758003813877,1.0019746706890635,1.2169179357862645,-0.26177783357895545,0.35375996250272834,0.24328014624027955,-0.9796936083481265,-0.8021324724258455,1.4258883243092715
0.8787800511565205,-0.9218583290356892,-0.5808986640285427,-0.33295140446391075,0.803181205871598,0.6610372265752076,0.6461014204701082,-1.1294502782097424,0.5868439290509627,-0.7252039607379823,0.11264166057079704,-0.9181875548063638,1.663080698373112,-1.2214704890942247,-0.7359133044603129
0.025016526798291115,-0.7195956060000338,1.3249652698508017,-1.4181440192997232,-1.1063422647946084,1.6950875303589832,-1.134024813709157,-0.3448048299887533,-1.233369868184353,-0.6788613480220795,-0.3232260390753865,0.5915252518986347,-1.6550820705106408,-0.909296632241098,-0.7359133044603129
-0.1130922786125991,-0.13579183723802868,1.1430418943441367,1.6168177441696643,-0.09541807444191086,-0.44335261427857464,1.1410072054035674,-1.5627619436452138,-1.303378091154942,-1.095944862465204,-1.482448644517364,-0.2685464608427959,-0.3849829488330112,-0.7765062602961113,0.7052877813860767
-0.5525293867381583,1.2432721834596219,-1.0920167190234578,1.3008001145746202,0.9077595703908422,0.8400188385482996,-1.51383623005344,0.8614411575748567,0.4468274831097845,1.5919266750571524,0.4650453326251582,-0.965427081470782,-0.8736599248686873,0.04819183915170139,-0.015312761537118044
-0.32653315970215635,0.11243968648754867,1.1950200016317554,1.5214161956126697,-1.3387386303929296,-1.1378816567765377,0.9300008629900769,-0.11058230813174165,0.16679459122742835,0.43336135715958507,-0.6107132452249969,0.9561675486305893,-1.5663364875985017,-1.3961946627060495,-1.4565138473835078
1.9836504944436404,-0.3656358406876371,0.8831513579060444,-1.5016203742870935,1.5429763030262538,0.9205250986233827,-0.5700624076221916,0.22904034856092506,-1.7234274289784766,-0.6325187353061769,-1.4082583977690775,0.16168460018355746,1.2297256441527957,1.108185159063438,-0.7359133044603129
0.3640108673522938,-1.2022680132442116,0.4933155532489058,0.2573456772324928,1.6320615765056101,1.0770453458178173,-0.5738988865751643,0.6389297618106954,-0.1832465236255169,0.10896306814826617,1.2254953617950954,0.2725608445859933,-0.3607796080387915,0.4116181202642968,-0.7359133044603129
-0.1884243542912661,-1.133314812209329,-0.5115945209783846,1.610855147384852,1.6707943041053304,0.22304061339138578,-1.0994965031324042,-0.9889167650955353,1.0769014898450862,0.2943335190118769,0.7618063196183045,1.7494792691437928,-1.5202348860857022,-1.447447086965518,1.4258883243092715
-0.1130922786125991,0.39744625076506324,1.0824007691752482,0.6747274521693437,1.3725523015874845,0.7597490138919393,-0.14037676488926545,0.41641836604653454,0.4468274831097845,-1.5593709896242307,-1.1300449724630028,0.5782513353152446,-0.7676262413892482,-0.14283992399722695,-0.015312761537118044
-0.2637564299699336,-0.4759609623434491,-0.6761918607225099,0.20368230616918306,-0.6105633515181897,-0.6994121727552705,1.436416084782454,1.2361971925460753,-0.9533369763019968,-0.5861761225902743,-1.5102699870479714,0.18471874954885215,-1.0776595115628256,0.6958361093395317,0.7052877813860767
-1.2681841056854974,-0.8391144877938302,-1.1526578441923458,0.8774557428529569,-1.1683146289541606,-1.5316648466592124,1.3405041109581404,0.8965745358534081,-0.6032958614490512,-0.16909260814715,0.48359289431222985,0.053541220960055105,-0.46566075148041053,0.8216375143400454,1.4258883243092715
-1.1551859921674967,-0.23232631868686396,0.6059347857054126,0.9370817107010785,-0.7538744436371544,-0.0214336095678972,-0.35905606520870115,-0.7898276215170754,0.9368850439039079,0.9431300970345147,-0.8703791088439998,-0.4723401213289632,-0.5590164945438298,0.9917023766555548,0.7052877813860767
0.07523791058406913,-0.11740431696205975,1.428921484426038,0.38256020971354776,-0.5834504421983855,1.1006888876900882,-0.07515662268873219,1.4001529578459833,-0.8133205303608186,1.7309545132048607,0.4372239900945507,1.5948771818784242,-1.3704046811691033,-0.08692818844144305,-0.015312761537118044
0.7908926295314083,-0.8988739286907284,-0.4596164136907662,-0.6907072115526401,-0.19612316620118345,-1.2996034831828718,-1.0304398819788982,0.4632628704179367,1.2169179357862645,0.3406761317277796,-0.6385345877556043,-0.14986203021483618,-0.9601004277051866,-0.6157600205732325,0.7052877813860767
1.1801083538711894,0.8249560971813348,-1.68976495283107,0.15598153189068598,0.7257157506721577,0.27777541282569335,-0.7964146658475723,-0.5321828474743627,1.5669590506392093,-0.9569170243174958,1.253316704325703,0.22454049929902295,-1.6412515900568012,-1.0770318389084497,-1.4565138473835078
-1.0798539164888292,0.03429272531468168,-1.1439948263110762,0.7522412103719016,-0.8158468077967067,1.088985334463314,1.731824964161341,-0.6375829823100178,0.5868439290509627,-0.4008056717266634,1.2811380468563103,0.6684358862200429,1.1087089401816967,-0.3944427339982545,-0.015312761537118044
0.40167690519162713,0.011308324969720836,1.03042266188763,0.5435503229034762,0.15634465495627048,1.3323955980383448,-0.04062831211197925,-0.6727163605885697,0.5168357060803735,0.24799090629597412,0.8452703472101268,0.643059280987091,-0.4956267924637304,-1.1189656405752877,1.4258883243092715
-0.2888671218628226,-0.6414486448271672,0.2680770883358923,0.8714931460681448,-0.9823975364755037,0.295626286939258,1.7663532747380941,-1.1762947825811447,0.02677814528625009,0.20164829358007164,-0.35104738160599397,-0.3536556907010037,1.6112163966712123,-0.7998028167776878,-0.7359133044603129
1.3809938890143025,0.5307557727658357,-0.09576966267743697,-1.2392661157553584,-0.5292246235587773,-1.2367116618026308,0.25094408831393494,1.353308453474581,0.6568521520215519,0.8967874843186119,1.5408039104753133,0.765257395416536,-0.9635580478186465,-1.254085668168432,-1.4565138473835078
0.7155605538527409,0.6134996140076946,0.7705321254495376,-0.4700911305145904,0.12535847287649415,1.2265907481599319,1.5284915796537957,1.0956636794318684,-0.39327119253728426,-1.2349727006129119,1.3275069510739894,-0.6136682920109413,1.2942678862707149,-0.25466339510879477,0.7052877813860767
0.6653391700669629,0.5951120937317264,1.0824007691752482,0.8655305492833325,-0.09541807444191086,-0.6721038818927974,0.3506925410912214,0.32272935730372976,-0.6032958614490512,-0.5861761225902743,-1.742114508136367,0.12810939941380564,1.1190818005220764,1.182734139804483,1.4258883243092715
-0.06287089482682064,-0.19555127813492673,-0.9620714508044116,-1.1856027446920492,1.1091697539093874,0.6943746206151098,-0.8462888922362155,-1.000627891188386,-0.11323830065492778,1.4065562241935414,-1.3618894935513983,0.2346911413922038,0.6062014836921805,1.2829093326752627,1.4258883243092715
-0.2637564299699336,-0.5954798441372455,-0.7541590216539377,-0.4104651626664688,0.5359253854335284,0.42341963075888317,0.9760386104257477,0.1821958441895229,0.726860374992141,-1.1422874751811065,0.7154374154006253,0.4982174265036271,-1.2367100367819843,-0.003060585107767193,-1.4565138473835078
0.9415567808887433,0.9766531394580762,-1.0053865402107602,-1.292929486818668,-1.036623355115112,1.5833717950125024,-0.2094333860427716,1.2830416969174774,1.6369672736097984,0.38701874444368234,-0.4994278751025671,0.410375331466486,-1.2286422565172443,-1.0863504615010804,0.7052877813860767
-1.5318463705608332,1.4087598659433402,-0.5289205567409243,-0.4999041144386512,-1.385217903512594,0.10742369363598019,-0.3475466283497836,-0.40336046045300616,-0.6032958614490512,-0.16909260814715,0.9751032790196282,1.5804320373612053,-0.287017045618312,0.5420788365611259,-0.015312761537118044
-1.2179627218997195,-1.2022680132442116,1.5328776990012754,0.17386932224512228,-1.1063422647946084,-0.04354032121847066,-0.6391190287756975,-0.438493838731558,-1.5834109830372982,-0.8178891861697878,1.1327575533597372,1.182214539859499,1.0084379568913573,0.7191326658211082,-0.015312761537118044
0.08779325653051386,1.4685193068402382,-1.6117977918996425,0.2931212579413654,-0.8390864443565389,-0.0016912521045508477,0.519497615022014,-1.08260577383834,0.726860374992141,-0.030064769999442034,-0.9909382598099655,0.13045185528146283,-0.3043051461856119,-1.7409836986333835,-0.015312761537118044
-0.2637564299699336,0.09405216621157973,-0.28635605606537134,-0.46412853372977814,0.803181205871598,-1.6260025787295742,1.1678625580743753,-0.11058230813174165,-0.7433123073902296,-0.7252039607379823,0.9751032790196282,1.6222058336677572,0.9934549363996977,0.6026498834132251,-0.7359133044603129
0.20079137004851505,-0.2047450382729112,-0.8148001468228258,0.2633082740173046,-1.7183193608701874,-1.094377539731559,-0.5738988865751643,1.1659304359889715,0.02677814528625009,1.03581532246632,-0.2768571348577074,0.11171220834020625,-0.7572533810488682,-1.1748773761310716,-0.015312761537118044
0.7281158997991856,1.6937664302208542,-1.0313755938545695,-0.7861087601096347,0.2338101101557109,-0.7322766959577273,-0.35905606520870115,-1.3168282956953516,0.02677814528625009,1.2675283860458333,0.5021404559993015,0.9905235680228937,-1.2943370386729838,-0.7345724586292733,-0.015312761537118044
-1.895951403007725,-0.7563706465519714,1.2123460373942945,1.3365756952834926,-0.9010588085160913,-1.6924409313906559,0.7727052259182023,-0.36822708217445455,0.16679459122742835,-0.3544630590107607,-0.2675833540141716,-1.181323430606511,0.1544057888667444,0.23223463535615674,-1.4565138473835078
0.9290014349422985,1.555860028151089,-0.06978060903362768,0.3408220322198629,1.601075394425834,1.4004889986304856,1.428743126876509,0.07679570935386762,-1.3733863141255311,0.8967874843186119,-0.7405461770344984,-0.8752425305659837,-0.3204407067150918,-1.2144815221497518,-1.4565138473835078
0.4267875970845166,0.052680245590650286,-1.447200452155517,-1.030575228286933,0.9077595703908422,-0.7527283596772417,0.29314535679663306,0.34615160948943086,-0.11323830065492778,1.4528988369094442,0.6690685111829462,-1.1586796905524925,0.5382016214608014,-0.18244407001590723,0.7052877813860767
-1.3937375651499428,0.3560743301441335,-0.9014303256355233,-0.6012682597804578,-1.7221926336301598,0.18308302762724765,0.055283661712334606,1.3650195795674314,0.8668768209333189,1.3602136114776386,0.2332008115367627,-0.4438402416058018,-0.2328476638407724,-0.0007309294596095303,-0.7359133044603129
0.16312533220918088,1.1881096226317156,-1.2652770766488526,0.3408220322198629,-1.385217903512594,-0.36532892610008005,-0.19025099127790882,-0.9303611346312824,0.16679459122742835,0.8504448716027092,-0.8703791088439998,-1.3577884393033457,0.7940655098568392,-1.7363243873370682,1.4258883243092715
1.6321008079431933,-1.5332433782116477,1.3422913056133408,-1.4896951807174692,1.357059210547597,0.7447353648030471,1.532328058606768,-0.9772056390026848,1.4269426046980318,1.5455840623412498,-0.30467847738831483,-0.6655927304106736,0.5174559007800414,-0.1335213014045963,-0.015312761537118044
0.11290394842340286,1.0272188202169898,1.1517049122254066,0.7045404360934046,1.5197366664664218,1.61718205988985,0.26245352517285275,0.5218185008821896,-0.7433123073902296,-1.4666857641924256,-1.1114974107759312,1.267323769717707,0.14979562871546434,-0.7532097038145346,0.7052877813860767
0.06268256463762485,1.082381381044896,-1.109342754785997,-0.9769118572236236,0.08275247251680187,-1.1897792311861726,0.6269190257052454,0.19390697028237322,-1.4433945370961203,1.5919266750571524,0.7154374154006253,0.9706126931478082,-0.6546773176828891,-0.12653233446012332,-0.015312761537118044
-1.7703979435432793,-0.19555127813492673,1.5155516632387356,1.1696229853087525,-0.4401393500794209,-1.01162514317861,-0.017609438394143875,-0.9537833868169836,0.4468274831097845,0.06262045543236344,1.4666136637270266,0.3498618882186777,1.711487379961552,0.9637465088776629,-1.4565138473835078
-0.1130922786125991,1.440938026426285,0.18144690952319484,0.3169716450806144,-0.7654942619170706,-0.31000303811896573,-1.0611317136026786,-0.47362721701010985,-0.32326296956669515,-0.9105744116015931,-0.10065529883052682,0.673511207266633,1.4613861917546136,1.432007294157353,-0.015312761537118044
0.5397857106025173,-0.9448427293806501,-1.5424936488494845,-0.10041012985623678,1.0859301173495555,-1.3493731388240024,1.060441147391144,-1.1177391521168918,-0.32326296956669515,0.10896306814826617,0.3908550858768716,-0.9779201794316198,-0.05881411812995389,-0.7625283264071653,-0.015312761537118044
0.16312533220918088,1.6937664302208542,0.3373812313860503,0.8774557428529569,1.6940339406651628,-1.4366178083326828,0.33918310423230386,-0.8249609997956272,-1.3733863141255311,0.9894727097504173,-0.9631169172793581,0.5848882936069394,-1.6124380891113015,1.0499437678594963,1.4258883243092715
-1.142630646221052,1.6340069893239562,-0.8061371289415561,0.6687648553845315,1.1905084818688,-0.6181966064240193,-0.3744019810205913,0.006528952796764169,0.37681926013919537,0.7577596461709037,-0.007917490395168621,-1.2043575799718058,-0.020780296881894072,0.39298087507903545,-1.4565138473835078
-1.594623100293056,-0.01627295544423224,-1.6377868455434519,0.6270266778908462,0.8186742969114857,-0.8373722395799722,1.6167305955721643,-1.5393396914595128,1.0769014898450862,0.5260465825913906,-1.6771980422316162,0.5294501714057217,0.21318533079556384,-1.5918857371512931,1.4258883243092715
-0.841302343506383,0.4618025717309532,0.4846525353676359,1.7539574702203435,-1.5130359045916704,-0.20869046119628415,-0.9652197397783647,-1.5276285653666621,0.8668768209333189,0.5260465825913906,1.2996856085433819,1.0342494108858258,1.0188108172317374,-0.12420267881196566,0.7052877813860767
0.8787800511565205,-1.0551678510364624,0.8051841969746167,-0.6310812437045186,1.624315030985666,-0.8221221550723573,1.0757870632030344,-1.2816949174167998,-0.9533369763019968,-0.21543522086305272,-0.8425577663133924,-0.3497515975882419,1.2170477037367755,-0.6227489875177055,0.7052877813860767
-0.1382029705054881,-0.2691013592388015,-1.447200452155517,-1.5552837453504027,-0.7848606257169307,-0.6265900637886755,0.12434028286584074,-0.5673162257529144,0.6568521520215519,0.24799090629597412,0.8916392514278059,1.4734598860715313,-0.783761801918728,0.0015987261885481326,0.7052877813860767
-0.7785256137741603,-1.4183213764868436,0.4413374459612872,1.6347055345241006,-0.8855657174762033,0.10387716235513952,-0.14037676488926545,1.6343754797029948,0.726860374992141,-1.5130283769083284,-1.1949614383677536,0.359231711689306,1.2170477037367755,-0.021697830293028495,0.7052877813860767
-0.4520866191666018,-1.3033993747620394,0.8225102327371562,-0.8218843408185075,-1.5440220866714465,-0.4750349603874179,1.6857872167256702,-0.6961386127742707,-1.0933534222431749,-1.0496022497493012,-1.167140095837146,0.41466983389052414,-0.783761801918728,-0.9931642355747738,1.4258883243092715
-0.012649511041042618,-0.24611695889384066,0.553956678417794,-0.9470988732995629,-1.7260659063901316,-1.6025954722760258,-0.9690562187313373,-0.9420722607241331,-0.6733040844196404,-0.9105744116015931,-1.3155205893337192,-0.0628007538002476,-0.9266767666084068,-0.3711461775166779,-0.015312761537118044
0.2259020619414036,-0.5816892039302688,1.1950200016317554,-0.8636225183121927,1.1169162994293316,0.006111116713298609,0.29314535679663306,0.15877359200382182,0.23680281419801746,-1.3276579260447174,-0.3788687241366014,-0.9396600669265538,1.418742210355274,0.851923037766095,-0.015312761537118044
0.9164460889958538,0.3422836899371571,-1.6031347740183726,1.008632872118824,0.37712120227467577,1.2909011820525091,1.206227347604101,-1.328539421788202,-0.39327119253728426,1.0821579351822228,0.2424745923802985,-0.9705024025173724,0.5819981428979608,-1.1655587535384409,-1.4565138473835078
1.3684385430678576,-0.1403887173070206,1.4202584665447688,-0.44624074337534186,0.9581121162704789,-1.3055143686509396,-1.651949472360452,-0.06373780376033948,-1.1633616452137638,0.8967874843186119,1.095662429985594,-0.7186883967442346,0.458676358851222,0.5653753930427026,0.7052877813860767
-0.7534149218812708,1.592635068703027,-1.1266687905485366,0.9430443074858907,-0.9165518995559794,-0.5902972270147394,0.661447336281998,0.9785524185033625,1.2869261587568537,-0.030064769999442034,-1.2135090000548252,-1.3394392016733652,1.4475557113007738,0.27882774831931,-0.015312761537118044
0.60256244033474,-0.7977425671729008,1.1950200016317554,-0.3985399690968446,-1.3193722665930694,1.2070848261153082,-1.0381128398848432,0.849730031482006,-0.6032958614490512,-0.6788613480220795,-1.074402287401788,-0.33452563444847067,1.4590811116789737,-0.8324179958518951,-0.015312761537118044
-1.5192910246143885,0.07106776586661889,0.5712827141803334,0.8476427589288962,-0.09541807444191086,-0.09685650814044194,-0.3206912756789756,-0.7429831171456731,0.37681926013919537,0.6650744207390987,1.1049362108291299,-0.8104345848941376,-1.0523036307307858,0.24388291359694506,0.7052877813860767
0.6402284781740742,-1.6573591400744365,1.125715858581597,1.378313872777178,1.4887504843866453,0.3552080124573811,-0.3935843757854541,0.9668412924105118,-1.023345199272586,-0.9569170243174958,0.7618063196183045,-1.0114953802013715,-1.3243030796563036,1.2060306962860599,0.7052877813860767
0.3765662132987386,1.6432007494619405,1.6714859851015913,-1.0186500347173086,-0.2890817124405119,1.5624472604555426,-0.02528239630008882,1.6577977318886958,1.4269426046980318,-0.5861761225902743,0.8452703472101268,1.336426217813591,0.5243711410069612,-0.18011441436774955,-1.4565138473835078
0.3137894835665158,0.34688057000614897,0.216098981048274,-0.4402781465905296,-0.1883766206812396,-0.40930591398250427,-0.41276677055031685,-0.6024496040314662,0.23680281419801746,0.5723891953072933,0.29811727744151345,-0.2654231863525863,-1.5571161672959417,-1.0048125138155621,0.7052877813860767
1.192663699817634,0.19518352772940756,0.5626196962990638,-0.5237545015778997,-1.6524737239506633,1.541640943607944,0.15503211448962106,0.7326187705535001,-1.7234274289784766,1.4528988369094442,-1.686471823075152,-1.1899124354545871,1.519013193645613,-1.123624951871603,-0.015312761537118044
0.8160033214242978,1.4455349064952774,1.3163022519695318,0.69261524252378,0.9000130248708985,-0.3944104826029735,-0.013772959441171266,1.1542193098961213,-0.46327941550787344,1.3602136114776386,0.9936508407067,1.6721782255111082,-1.3634894409421834,-1.668764373540496,-0.015312761537118044
-0.06287089482682064,-0.35184520048066037,1.3856063950196893,-0.5118293080082754,-0.9010588085160913,-0.7011854383956908,0.0015729563707188978,0.5569518791607414,-1.023345199272586,1.684611900488958,-1.5473651104221147,-0.6737913259474736,-1.6308787297164211,-0.46433240344298443,-0.015312761537118044
0.9038907430494091,1.0869782611138885,0.6145978035866821,0.33485943543505065,-0.9862708092354757,-0.17026970565384367,1.7663532747380941,1.411864083938834,0.6568521520215519,1.7772971259207633,-0.25830957317063574,1.2267212013449842,-0.647762077455969,-0.28727857418300207,0.7052877813860767
-0.48975265700593557,-0.963230249656619,1.6541599493390517,0.9013061299922055,0.4778262940339481,-1.285653793478232,-1.4255972141350712,0.6974853922749483,0.23680281419801746,-1.4203431514765228,-1.742114508136367,-0.719859624678063,0.5635575022928411,-1.130613918816076,1.4258883243092715
0.11290394842340286,-1.4504995369697886,-0.8148001468228258,1.724144486296283,0.22219029187579467,-1.087757348007323,-0.8846536817659411,-0.19256019078169584,-0.5332876384784622,1.1748431606140284,-1.0002120406535013,-1.553383504252713,1.6861314991295118,-1.095669084093711,-0.015312761537118044
-0.25120108402348884,-1.2298492936581646,0.18144690952319484,1.1338474045998794,0.1718377459961585,-1.529891581018792,1.428743126876509,-1.2582726652310987,0.3068110371686066,1.03581532246632,1.4851612254140985,0.6286141364698721,1.0061328768157176,-0.33620134279431296,-0.7359133044603129
0.025016526798291115,1.3444035449774496,0.02551258766033965,0.4004480000679845,-1.3813446307526218,1.3889036631130727,-0.35905606520870115,-0.6141607301243167,0.37681926013919537,1.313870998761736,0.9936508407067,-1.1739056536922634,1.336911867670055,-1.1119766736308148,-0.7359133044603129
0.2259020619414036,0.25953984869529784,-0.8407892004666351,0.9668946946251393,-1.5052893590717262,0.22327704881010849,-0.11735789117143035,-1.2114281608596964,-0.25325474659610603,-1.4666857641924256,-1.2042352192112893,-1.486623512024486,0.06335512587896505,-1.1049877066863416,-0.015312761537118044
-1.0421878786494956,-0.48975160255042544,0.7272170360431889,-0.8039965504640713,-0.16901025688137947,-0.08598047887919726,-0.14804972279521067,1.072241427246167,-0.9533369763019968,-0.9105744116015931,0.7247111962441611,-0.9943173705052194,-1.3796250014716631,-0.45501378085035377,-0.7359133044603129
1.3307725052285244,-0.45297656199848824,-1.4818525236805964,-1.3167798739579166,0.013033562837305609,-1.405053679933201,-1.1225153768502394,0.36957386167513195,1.2169179357862645,0.9431300970345147,-1.788483412354046,0.803907917232878,-1.6746752511535807,-0.38046480010930855,0.7052877813860767
1.305661813335635,-0.5587048035853079,-0.43362736004695696,-1.1259767768439275,1.058817208029751,1.4267333301087066,-1.229936787533471,-1.3988061783453056,-0.8833287533314076,-0.7252039607379823,-1.528817548735043,0.15973255362717653,0.3134563140859032,-0.6763310674253318,1.4258883243092715
1.205219045764079,-1.0413772108294856,0.09481673071049737,0.6091388875364099,0.6327572044328289,-0.43661420484497737,-1.625094119689644,0.9902635445962128,0.726860374992141,1.0821579351822228,-0.2675833540141716,-0.6222572968590172,-0.09800047941583365,-1.3961946627060495,-1.4565138473835078
0.28867879167362637,1.5236818676681445,-0.9534084329231417,1.1696229853087525,-0.23872916656087573,-0.6020007802415136,1.532328058606768,0.7443298966463509,1.4269426046980318,-0.7252039607379823,-1.176413876680682,1.3493097250857053,0.6050489436543607,0.7331105997100542,-0.015312761537118044
-1.092409262435274,1.6340069893239562,1.602181842051433,-0.5118293080082754,-1.5672617232312789,-1.3568208545137679,-1.3872324246053456,-1.4690729349024092,-1.7234274289784766,-0.771546573453885,0.4372239900945507,1.64133588992029,1.5501317746667533,1.0639217017484424,-0.015312761537118044
-0.48975265700593557,-1.0046021702775485,-1.325918201817741,-1.3048546803882923,-0.653169351877882,0.8128287653951879,1.5822022849954112,1.3415973273817303,-0.8133205303608186,-0.07640738271534452,-1.7050193847622237,-0.9611325790467439,-0.17291558187413303,-1.4940401999286714,-0.7359133044603129
0.7281158997991856,-1.6573591400744365,0.9697815367187418,-0.4999041144386512,0.6327572044328289,0.8461661594350901,-0.1825780333719636,-1.1411614043025928,-1.3733863141255311,-0.6325187353061769,0.7247111962441611,-0.3314023599582611,1.5155555735321535,1.350469346471835,1.4258883243092715
0.4393429430309613,0.17679600745343896,1.4722365738323868,-1.227340922185734,-1.3077524483131535,-0.8504944053190826,0.19339690401934662,-0.6141607301243167,0.23680281419801746,-0.6325187353061769,0.5021404559993015,1.185728223660985,0.4978627201371017,-1.6780829961331267,-1.4565138473835078
-0.615306116470381,0.9536687391131153,1.091063787056518,0.09635556404256441,0.5165590216336683,-0.2660260502365415,-0.6122636761048897,-1.4924951870881102,1.0068932668744972,0.1553056808641689,0.8916392514278059,-0.7280582202148629,-1.6078279289600215,-1.2797118802981664,-0.015312761537118044
0.954112126835188,-1.1195241720023525,-0.7888110931790167,1.1517351949543162,-1.1024689920346364,-0.9747412178578672,0.3238371884204134,-0.6961386127742707,-1.4433945370961203,1.1285005478981256,-1.5844602337962579,1.656171443748785,-0.795287202296928,1.6626432033249616,-1.4565138473835078
-0.1633136623983771,-0.02546671558221638,1.411595448663499,-0.4999041144386512,-1.4123308128323981,0.6907098716249077,-1.1416977716151022,-0.0988711820388911,0.5168357060803735,-0.030064769999442034,0.9658294981760924,1.3621932323578192,0.7099300870959797,0.4465629549866617,0.7052877813860767
-1.5569570624537221,-0.4299921616535274,1.4202584665447688,0.7939793878655869,1.357059210547597,1.022074110964787,-0.704339170976231,-1.6096064480166161,1.6369672736097984,-0.9569170243174958,-1.0373071640276446,0.5841074749843873,-1.393455481925503,-0.8161104063147915,-0.015312761537118044
-0.05031554888037635,-0.9264552091046814,-0.48560546733457555,-1.1856027446920492,-1.2496533569135733,0.11463497390702287,-0.28616296510222267,0.19390697028237322,-0.04323007768433904,1.7772971259207633,-0.6663559302862119,1.6319660664496616,0.10023640708920495,1.2200086301750057,-0.7359133044603129
-1.305850143524831,-1.6067934593155222,-0.3989752885218781,1.6764437120177857,-0.09154480168193906,-0.8501397521909986,0.8264159312598184,-0.8366721258884778,-0.1832465236255169,1.03581532246632,-0.4716065325719596,-0.3138339409508329,-1.3162352993915636,-1.2401077342794862,-0.7359133044603129
-0.5525293867381583,-1.0321834506915015,0.25075105257335284,0.5018121454097909,-1.1799344472340767,0.6706128610334774,-0.11352141221845773,1.1307970577104198,-0.04323007768433904,-0.16909260814715,-0.5179754367896388,1.6913082817636416,-1.3012522788999037,0.30212430480088664,-1.4565138473835078
-1.2932947975783864,0.19058664766041533,1.584855806288894,1.7360696798659074,-0.5408444418386932,1.004105019141861,-1.2376097454394162,-1.0240501433740872,-1.5834109830372982,-1.4666857641924256,0.21465324984969106,0.5653678280431302,-0.789524502107828,-0.4969475825171917,1.4258883243092715
-1.1551859921674967,1.436341146357293,1.4549105380698477,1.3246505017138686,0.694729568592381,-0.7819281338894966,-0.8616348080481059,0.6272186357178451,-1.6534192060078874,-0.5861761225902743,-0.2768571348577074,0.9670990093463226,1.4026066498257943,-0.06596128760802408,-1.4565138473835078
0.2259020619414036,-1.4734839373147497,-0.7195069501288587,-0.338914001248723,0.7140959323922411,-0.7682148796035793,0.9223279050841322,0.15877359200382182,-1.5834109830372982,-0.5398335098743716,0.6412471686523388,0.684442667982366,-1.3346759399966837,0.038873216559070736,1.4258883243092715
0.08779325653051386,1.335209784839465,0.2680770883358923,-0.058671952362551724,-0.7228882615573783,-0.6165415584929603,-0.35905606520870115,0.14706246591097105,-1.5834109830372982,1.0821579351822228,1.3182331702304535,0.03753443919773153,1.4821319124353733,-0.2150592490901145,1.4258883243092715
-1.418848257042832,-1.0091990503465407,-0.10443268055870654,1.4379398406252994,1.1091697539093874,-1.1831590394619367,-0.46647747589193256,1.0488191750604658,-0.8133205303608186,-1.2813153133288147,-1.7050193847622237,-1.2035767613492534,-0.37922024864391124,1.1873934511007984,1.4258883243092715
-0.20097970023771083,-1.5608246586256005,1.2123460373942945,1.4558276309797358,0.10986538183660613,0.475908293715325,0.24327113040798998,0.287595979025178,1.0068932668744972,0.2943335190118769,-1.7606620698234385,-0.43993614849303997,-0.5670842748085697,0.9800540984147664,-0.7359133044603129
-0.05031554888037635,-0.7333862462070105,-1.455863470036787,0.36467241935911143,0.7257157506721577,0.6329014117472049,0.0821390143831426,-0.9537833868169836,1.0068932668744972,0.9431300970345147,1.6520892805977432,-0.7452362299110148,1.327691547367495,1.5671273217504975,0.7052877813860767
-0.7031935380954928,-0.7195956060000338,0.5972717678241427,-0.9292110829451263,0.7799415693117656,-0.9695396386459676,0.10132140914800536,-0.2628269473387993,0.09678636825683921,1.684611900488958,-0.916748013061679,-1.508096024144676,-0.48294885204771043,1.7348625284178492,-0.015312761537118044
0.21334671599495889,0.14461784697049365,0.4413374459612872,0.5256625325490398,-1.0637362644349162,0.36218285730970107,-0.5662259286692191,0.6272186357178451,-0.9533369763019968,-0.5398335098743716,-1.6771980422316162,-1.6548899251845206,-0.07955983881071385,1.6346873355470697,-0.7359133044603129
-1.9336174408470586,-1.4642901771767654,0.623260821467952,0.656839661814907,-1.1140888103145525,-0.03195498570105783,0.7803781838241476,-0.11058230813174165,0.09678636825683921,-1.5130283769083284,1.4295185403528834,0.5852787029182157,-0.2282375036894924,0.9823837540629241,0.7052877813860767
-0.15075831645193283,0.5031744923518829,1.3509543234946106,1.0801840335365702,0.6443770227127449,0.07384986417735526,-1.134024813709157,0.4632628704179367,-0.39327119253728426,-0.4934908971584689,-1.2876992468031117,-0.8514275625781367,-0.03576331737355408,0.34405810646772456,-1.4565138473835078
0.703005207906297,-1.4275151366248278,0.18144690952319484,-1.6685730842618338,0.458459930234088,0.8699279190167225,0.5770447993166024,0.9082856619462588,-1.7234274289784766,-1.5593709896242307,-0.19339310726588502,-0.24941640459026276,1.4890471526622937,-1.7409836986333835,-0.015312761537118044
-1.1300753002746073,0.07566464593561113,0.6665759108743007,1.5571917763215426,-0.6880288067176302,1.7004073272802442,-0.8693077659540509,-0.7898276215170754,1.4269426046980318,0.2943335190118769,0.49286667515576565,0.980763335240989,-1.6481668302837211,0.003928381836705795,-0.015312761537118044
0.7155605538527409,0.4709963318689377,0.6752389287555706,-1.2094531318312978,-0.3859135314398124,0.3606460270880035,-0.4703139548449052,0.2993071051180287,0.5168357060803735,-0.5861761225902743,0.010630071291903017,0.15778050707079563,0.017253524366165424,-0.26864132899774074,1.4258883243092715
0.5774517484418515,-1.4504995369697886,1.3509543234946106,-1.3108172771731046,-0.07605171064205075,0.6959114508368074,-0.09433901745359496,0.3578627355822816,-0.32326296956669515,0.20164829358007164,0.5299617985299089,1.2634196766049453,0.07718560633280513,-1.330964304557635,-1.4565138473835078
-0.3139778137557116,-0.1725668777899659,0.8398362684996956,1.4796780181189848,-0.16126371136143533,-1.366514706681399,0.8954725524133242,0.06508458326101707,-0.6733040844196404,-0.16909260814715,-1.1022236299323953,1.3270563943429627,-0.8137278429020478,1.7255439058252187,-0.7359133044603129
-1.6825105219181677,-0.6552392850341435,-0.7888110931790167,1.3902390663468025,0.5049392033537523,0.8529045688686874,-1.0496222767437609,0.2993071051180287,-0.04323007768433904,-0.8178891861697878,-1.4546273019867566,1.363754869602924,-1.5697941077119615,-1.275052569001851,-1.4565138473835078
0.0375718727447354,-1.3079962548310313,-1.2392880230050434,-1.6208723099833366,-0.4052798952396725,-0.8806399212062282,-0.8654712870010783,-0.14571568641029348,-0.6032958614490512,-0.6788613480220795,-0.45305897088488795,-1.300788679857023,1.524775893834713,1.0825589469337036,-0.7359133044603129
0.012461180851846389,-1.4275151366248278,0.28540312409843205,0.4541113711312938,-0.16126371136143533,0.6778241413045201,0.19723338297231924,-0.14571568641029348,-0.11323830065492778,-0.07640738271534452,-0.1284766413611343,0.5930868891437393,-1.4603028041190624,1.350469346471835,-1.4565138473835078
1.9710951484971957,1.0961720212518722,0.2940661419797016,-1.1617523575528006,1.539103030266282,0.28510491080609734,1.3903783373467835,0.3578627355822816,1.5669590506392093,-1.1422874751811065,0.7989014429924477,0.5567788231950546,-0.35501690784969153,-1.5918857371512931,1.4258883243092715
-0.1130922786125991,-1.4504995369697886,-0.6415397891974309,-0.32698880767909877,-0.6066900787582177,0.3276632861761853,0.024591830088554277,-1.0943168999311905,0.16679459122742835,-1.0032596370333984,0.8730916897407343,-0.8350303715045369,-0.6131858763213693,0.03188424961459775,-0.7359133044603129
0.4142322511380718,1.7443321109797685,0.7012279823993796,-0.1242605169954853,1.4229048474671213,-1.0519373820708322,1.1678625580743753,0.22904034856092506,-1.5834109830372982,-1.0496022497493012,-0.17484554557881338,0.4626901791774944,-0.29162720576959206,1.3597879690644654,-0.015312761537118044
-0.12564762455904338,1.6799757900138779,1.6454969314577819,0.191757112599559,-1.439443722152202,-0.7243561094305164,0.03226478799449949,1.271330570824627,-1.303378091154942,1.6382692877730551,0.5856044835911238,-0.7366472250629388,1.5363012942129128,-1.1469215083531796,1.4258883243092715
0.4393429430309613,-1.629777859660483,-0.736832985891398,1.145772598169504,0.5397986581935001,0.28451382225929056,0.2240887356431272,1.3064639491031784,-1.3733863141255311,-0.771546573453885,-0.9631169172793581,0.8195242896839253,-0.2835594255048521,0.38366225248640484,-0.015312761537118044
-0.15075831645193283,0.052680245590650286,0.9957705903625511,-0.27332543661578923,-1.578881541511195,-0.20786293723075466,-0.3015088809141128,-0.5790273518457649,0.8668768209333189,1.5919266750571524,1.5129825679447058,-1.5393287690467705,1.3968439496366944,-0.7345724586292733,-1.4565138473835078
0.4142322511380718,-0.45757344206748046,-0.06111759115235781,-1.0007622443628723,-0.017952619242470446,0.673804739186234,0.02075535113558167,-0.12229343422459239,-0.11323830065492778,-0.5398335098743716,0.36303374334626415,0.6571140161930332,-1.3692521411312832,0.9148237402663519,0.7052877813860767
-1.6825105219181677,0.5445464129728121,-0.009139483864739518,0.5375877261186639,-0.21936280276101564,-0.6888907966221098,-1.4409431299469615,-1.2348504130453977,1.3569343817274426,0.3406761317277796,-0.9260217939052148,-0.09637595456999941,0.37108331597690275,-0.9675380234450396,-1.4565138473835078
-1.3184054894712756,-1.3079962548310313,-0.48560546733457555,0.44814877434648154,-1.036623355115112,-0.5580237923590894,-1.2913204507810319,-1.1060280260240412,-0.1832465236255169,0.0162778427164607,-1.0002120406535013,0.4224780201160478,1.1951494430181961,-0.21738890473827216,1.4258883243092715
-1.2430734137926085,-0.4989453626884099,0.6752389287555706,0.06654258011850364,0.9736052073103666,-1.4269239561650515,-1.2376097454394162,1.0605303011533165,0.09678636825683921,0.5260465825913906,-0.2768571348577074,0.30027990568660234,0.11176180746740486,1.6416763024915426,-0.015312761537118044
0.9666674727816318,-0.6092704843442219,-1.109342754785997,1.2769497274353712,-1.0792293554748043,0.8251234071687689,1.2867934056165249,-1.4924951870881102,1.4969508276686203,-1.1422874751811065,-1.630829138013937,1.2001733681782034,0.7133877072094398,1.182734139804483,-1.4565138473835078
-2.1596136678830606,-0.6736268053101122,0.796521179093347,1.4081268567012388,-1.6640935422305796,1.1160571899070646,-0.27465352824330486,1.6929311101672477,1.3569343817274426,0.5260465825913906,1.0678410874549864,1.1978309123105464,0.9519634950381778,-0.5784855302027099,-0.015312761537118044
2.1845360295867535,-0.9126645688977051,1.1170528407003277,-1.3108172771731046,0.2376833829156827,-0.7219917552432893,1.5937117218543293,-1.4105173044381563,1.5669590506392093,0.1553056808641689,0.6690685111829462,0.045342625423255185,-0.012712516617154269,-0.10556543362670436,-0.7359133044603129
0.07523791058406913,1.6340069893239562,0.9871075724812812,1.7360696798659074,-0.6570426246378539,-0.6224524439610281,-0.4511315600800424,-0.08716005594604057,1.6369672736097984,0.5723891953072933,-1.1393187533065385,0.28349230530172664,-0.0034921963145942126,-0.019368174644870832,-1.4565138473835078
0.4267875970845166,-0.04845111592717722,-0.260367002421562,0.5316251293338516,-0.8507062626364549,0.1919493558293493,-0.33603719149086575,-0.88351663025988,-0.32326296956669515,0.5260465825913906,0.7154374154006253,0.7519834788331459,0.7802350294029994,0.7144733545247929,0.7052877813860767
0.7657819376385198,0.8985061782852092,1.3682803592571502,-0.16003609770435834,1.0781835718296113,1.294211277914627,-0.4472950811270698,-0.30967145171020166,0.8668768209333189,1.1285005478981256,-1.686471823075152,1.0159001732558455,1.0107430369669976,-0.5062662051098223,1.4258883243092715
1.858097034979195,0.49857761228289044,-0.5635726282660032,-1.251191309324983,1.5274832119863655,1.6982794085117399,1.1179883316857322,1.294752823010328,0.5868439290509627,-0.3081204462948582,0.4372239900945507,0.705915180102556,1.427962530657834,1.4483148836944566,-0.015312761537118044
1.0796655862996334,1.5466662680131054,0.1381318201168461,0.49584954862497904,1.531356484746338,-0.5300061952404481,1.5400010165127132,-1.668162078480869,-1.5134027600667093,0.3406761317277796,-1.5659126721091863,0.5536555487048448,-0.6650501780232689,-0.09391715538591604,0.7052877813860767
1.7325435755147494,0.2457492084883215,1.6454969314577819,-0.6907072115526401,0.3151488381151231,-0.44264330802240653,-1.022766924072953,0.13535133981812053,-0.8133205303608186,1.2675283860458333,0.34448618165919254,-1.6997869959812815,0.2719648727243833,-0.909296632241098,-1.4565138473835078
0.05012721869118012,0.5675308133177729,0.47598951748636636,-0.44624074337534186,-1.3271188121130135,-1.2516070931821615,1.4939632690770426,0.33444048339658056,0.726860374992141,-0.16909260814715,1.0029246215502357,1.7295683942687072,1.1605732418835963,1.017328588785289,-0.7359133044603129
0.8160033214242978,1.0915751411828805,0.36337028502985963,0.9549695010555148,0.0014137445573896576,0.18095510885874325,-0.6161001550578624,-0.9420722607241331,0.4468274831097845,0.24799090629597412,-0.5087016559461028,-1.647081738958997,-0.4921691723502703,0.30445396044904427,-1.4565138473835078
0.28867879167362637,0.8663280178022639,1.0477486976501695,-1.3167798739579166,-0.8971855357561193,-0.47728109686528364,0.8379253681187359,1.6577977318886958,0.3068110371686066,1.4528988369094442,1.0029246215502357,-0.6292846644619886,0.21088025071992397,0.6352650624874324,1.4258883243092715
0.954112126835188,-1.1287179321403367,0.4153483923174782,0.0784677736881279,-0.7693675346770427,-0.3894453388097966,0.7496863522003673,1.1425081838032705,-0.39327119253728426,-0.9105744116015931,-0.4901540942590312,1.5659868928439868,1.0994886198791367,-0.8067917837221609,1.4258883243092715
0.21334671599495889,-1.3585619355899454,-1.4298744163929777,1.414089453486051,-1.1644413561941886,-0.6365203513750294,-0.5508800128573289,0.8145966532034541,0.726860374992141,-0.12274999543124725,-1.7050193847622237,-1.62326677097115,1.519013193645613,1.371436247305254,0.7052877813860767
1.1298869700854115,-0.9586333695876268,-0.7108439322475889,0.6329892746756585,1.1440292087491357,1.1313072744146793,1.635912990337027,1.5523975970530408,-1.7234274289784766,1.0821579351822228,0.4372239900945507,1.4863433933436456,0.8436247314830989,0.7307809440618965,-0.7359133044603129
-9.416509459789163e-05,1.6340069893239562,-0.7281699680101283,-0.2673628398309772,0.5746581130332487,-1.6373514788282642,0.25094408831393494,-1.4807840609952598,0.9368850439039079,-1.2349727006129119,0.7989014429924477,0.8831610074219434,0.7871502696299193,1.0196582444334468,-0.015312761537118044
-1.0170771867566064,0.5399495329038202,-0.537583574622194,0.3706350161439237,-1.0947224465146923,-0.16388594934833045,-1.6826413039842325,-1.5978953219237657,1.0769014898450862,0.20164829358007164,-1.176413876680682,1.6257195174692427,-1.010812189369266,-1.2867008472426393,0.7052877813860767
1.1424423160318562,-1.1976711331752194,-0.48560546733457555,0.43622358077685747,1.3067066646679608,-0.1253469760965286,0.5540259255987666,0.6974853922749483,-1.0933534222431749,-1.095944862465204,0.36303374334626415,-0.6979967032465968,-1.5421331468042818,0.13904840942985022,1.4258883243092715
-2.825047003044621,-0.1082105568240756,-1.0053865402107602,1.5393039859671063,-1.059862991674944,0.4825284854395609,-0.8117605816594624,-1.6330287002023172,-0.6733040844196404,0.5260465825913906,-0.7405461770344984,0.2124378106494612,-0.40457612947595106,-1.675753340484969,-1.4565138473835078
1.406104580907191,-0.7931456871039086,0.8484992863809655,-0.6608942276285793,1.4422712112669815,0.5989729291604959,1.5783658060424388,1.1659304359889715,1.2869261587568537,-1.1422874751811065,1.6613630614412789,0.38773159141246716,1.4164371302796341,-1.254085668168432,-0.7359133044603129
-0.7283042299883817,-1.266624334210102,-0.04379155538981838,1.5393039859671063,-1.609867723590971,1.1563694287992867,-0.7235215657410938,1.5523975970530408,1.5669590506392093,-0.21543522086305272,1.6706368422848148,0.9635853255448367,-0.4817963120098905,1.4855893740649793,0.7052877813860767
0.5397857106025173,1.0502032205619507,-0.6502028070787006,0.7999419846503987,-0.5602108056385533,-1.5246900018068925,-0.8386159343302705,0.041662331075315785,-0.11323830065492778,-0.8178891861697878,0.5392355793734448,0.24874587659814645,1.7172500801506518,-1.5359740015955092,-1.4565138473835078
-1.6825105219181677,-0.5954798441372455,-0.20838889513394374,0.6031762907515977,-1.3774713579926499,-0.8545138074373687,-0.5738988865751643,-1.4105173044381563,1.7069754965803876,-1.095944862465204,-1.482448644517364,-1.2188027244890245,1.4268099906200138,-0.0589723206635511,-1.4565138473835078
-0.5399740407917135,0.5031744923518829,-0.9707344686856813,1.0205580656884485,0.8070544786315699,-0.08881770390386978,-1.6711318671253148,0.02995120498246525,1.4269426046980318,-1.4666857641924256,-0.10992907967406264,-0.28299160536001455,-1.7150141524772804,-0.07527991020065473,-0.015312761537118044
1.3307725052285244,0.999637539803037,-0.2690300203028319,1.4558276309797358,0.6366304771928007,1.4878518858485272,0.03226478799449949,1.5523975970530408,-1.5834109830372982,-0.9105744116015931,1.4387923211964193,-0.20139605930329246,0.7491164483818594,0.42093674285692745,-1.4565138473835078
-0.17586900834482183,0.7376153758704833,-1.187309915717425,-0.613193453350082,0.280289383275375,-1.6966967689276646,-0.9575467818724197,-1.5276285653666621,0.3068110371686066,0.711417033455001,0.03845141382251048,1.2446800296636882,0.6085065637678208,-1.5895560815031355,-1.4565138473835078
-0.590195424577492,0.09405216621157973,0.6839019466368401,1.7599200670051558,-1.5091626318316986,0.7186092510341876,-0.0789931016417048,-0.5790273518457649,1.2169179357862645,0.618731808023196,-1.630829138013937,-1.6170202219907308,-0.27664418527793216,-1.1003283953900262,-1.4565138473835078
0.21334671599495889,1.2708534638735751,-1.4818525236805964,0.23349529009324385,1.5003703026665618,0.8948718556919686,-0.3974208547384267,0.9082856619462588,-1.233369868184353,0.38701874444368234,1.448066102039955,0.06447268167578804,0.10945672739176467,1.5275231757318173,-0.7359133044603129
1.0043335106209659,1.2892409841495436,1.3249652698508017,-0.7085950019070767,-1.5285289956315589,0.09134608516283585,-0.036791833159006644,-0.06373780376033948,0.6568521520215519,0.20164829358007164,-0.3788687241366014,-0.033129646143257634,-0.04267855760047396,1.4832597184168217,-0.015312761537118044
1.5818794241574154,-1.5010652177287025,-0.035128537508548816,-1.1319393736287398,0.4236004753943396,1.1510496318780257,-0.7580498763178467,0.7326187705535001,-1.023345199272586,-0.3081204462948582,-0.9909382598099655,1.4652612905347315,0.8551501318612988,0.9031754620255636,-1.4565138473835078
0.5146750187096287,0.6778559349735852,0.553956678417794,-1.0782760025654303,-0.26584207588068,-1.6387700913406005,-0.17106859651304604,1.517264218774489,-0.8133205303608186,-1.2813153133288147,0.019903852135438837,1.1232627338567958,-0.3607796080387915,1.5880942225839165,-1.4565138473835078
1.054554894406744,0.7422122559394758,-1.5771457203745634,-1.3525554546667895,0.24155665567565476,1.192071177026416,-0.04062831211197925,-1.246561539138248,-0.1832465236255169,-1.5593709896242307,-1.3433419318643267,-1.1040223869738268,0.67535388596138,0.027224938318282422,-0.015312761537118044
0.7783372835849636,0.35147745007514153,-0.06978060903362768,0.5495129196882884,-0.7345080798372943,-0.5374539109302136,1.0642776263441163,-0.1808490646888453,-0.32326296956669515,0.0162778427164607,-0.21194066895295666,1.7030205611019271,1.0072854168535375,1.3155245117494698,-1.4565138473835078
-2.3981652408655068,0.6456777744906399,-1.5944717561371031,1.1755855820935648,0.268669564995459,-1.39713309340599,-0.10584845431251251,-1.0708946477454895,0.16679459122742835,-1.0032596370333984,-0.5457967793202462,-1.3109393219502037,0.68687928633958,0.9753947871184512,-0.015312761537118044
-0.9668558029708285,0.6824528150425772,-1.4731895057993265,-1.0126874379324966,-1.3503584486728455,-1.0323132423168473,0.3928938095739193,-1.6213175741094668,0.726860374992141,1.7772971259207633,-0.091381517986991,-1.0813786469198081,1.2654543853252151,0.07148839563327801,0.7052877813860767
-1.8457300192219468,-0.2047450382729112,-0.9967235223294905,-0.13022311378029755,0.16796447323618643,-1.0357415558883265,-0.18641451232493622,-1.2699837913239493,-0.1832465236255169,1.4065562241935414,1.5408039104753133,-1.486623512024486,1.2158951636989557,-0.3268827202016823,0.7052877813860767
0.1756806781556256,-0.15877623758298953,0.016849569779069783,0.6985778393085923,-0.47112553215919695,0.4332317006358757,0.9645291735668301,1.517264218774489,-0.8833287533314076,0.9894727097504173,1.244042923482167,0.6208059502443484,-0.3861354888708313,1.5345121426762902,0.7052877813860767
0.8536693592636311,0.7468091360084678,1.1343788764628668,-0.6966698083374524,1.7288933955049106,-0.9301731414286362,1.359686505723003,0.8965745358534081,-1.303378091154942,0.43336135715958507,-1.018759602340573,-1.4241580222202967,-0.3400338873580317,-1.6780829961331267,-0.015312761537118044
0.5146750187096287,-1.5240496180736633,0.3893593386736689,0.23349529009324385,-0.2890817124405119,0.7979333340156571,1.731824964161341,1.435286336124535,-0.32326296956669515,-0.030064769999442034,1.4295185403528834,-1.7286772850157193,-0.781456721843088,-0.42239860177614647,1.4258883243092715
1.3809938890143025,0.5675308133177729,-0.23437794877775273,-0.8576599215273806,-1.0792293554748043,-1.2691033141676422,0.5233340939749863,-0.7312719910528226,0.8668768209333189,1.6382692877730551,1.0585673066114507,0.2569444721349459,0.28925297329168315,1.2689313987863167,0.7052877813860767
0.4142322511380718,0.2871211291092509,1.740790128151749,-0.6966698083374524,-0.9359182633558395,-1.596684586807958,-0.002263522582253711,-1.1880059086739954,1.2169179357862645,-1.3276579260447174,0.7896276621489119,1.3684397813382383,-1.5893872883549016,-0.5668372519619216,0.7052877813860767
0.18823602410207033,0.052680245590650286,-0.8581152362291745,0.1261685479666252,1.4732573933467574,1.5549995447657772,-1.1570436874269925,1.3415973273817303,0.3068110371686066,-0.07640738271534452,1.2254953617950954,0.4021767359296861,-0.9082361260032871,1.266601743138159,-1.4565138473835078
-0.2386457380770446,1.3214191446324888,0.7185540181619193,-1.51950816464153,-1.7454322701899918,-0.35799942811967606,1.7663532747380941,0.4515517443250863,1.3569343817274426,-0.44714828444256616,1.1605788958903447,1.638603024741357,-1.1871508151557248,-0.8300883402037375,-0.015312761537118044
0.6402284781740742,-1.1287179321403367,1.073737751293979,-0.7503331794007617,0.19895065531596248,1.137218159882747,-0.8079241027064902,1.6695088579815467,0.8668768209333189,-1.4203431514765228,-1.732840727292831,0.9756880141943984,-0.4368472505349108,-0.8347476515000528,-1.4565138473835078
-0.7283042299883817,-0.6920143255860808,1.1863569837504855,-0.6012682597804578,-0.19999643896115551,-0.6988210842084637,0.3967302885268922,0.5335296269750404,-1.6534192060078874,-1.1422874751811065,0.4279502092510149,0.03480157401879807,-1.0085071092936262,0.4488926106348194,-0.7359133044603129
0.012461180851846389,-0.18176063792795036,0.7705321254495376,-0.5237545015778997,0.7993079331116257,0.8864783983273123,-0.8194335395654077,0.7560410227392013,1.2869261587568537,1.684611900488958,-1.5102699870479714,-1.3132817778178607,1.306945826686735,-0.8510552410371565,-1.4565138473835078
-2.059170900311504,-1.5746152988325772,-0.6415397891974309,0.6687648553845315,-1.2845128117533213,-0.16731426291980978,1.1064788948268147,0.20561809637522396,0.3068110371686066,-0.5398335098743716,0.32593861997212087,1.645630392344328,-0.4921691723502703,0.6189574729503288,-0.015312761537118044
-1.5067356786679438,0.08026152600460336,0.5799457320616033,0.46007396791610605,-0.5679573511584974,-0.28186722329096314,0.2854723988906879,1.5758198492387419,0.7968685979627297,-0.4934908971584689,-0.0450126137693119,0.5146146175772265,0.2973207535564233,-1.1562401309458104,0.7052877813860767
0.7908926295314083,0.5583370531797891,-0.9620714508044116,-0.9947996475780602,-0.4091531679996446,-1.3888578537506953,1.4632714374532623,-1.246561539138248,-0.8833287533314076,-0.771546573453885,0.474319113468694,1.3270563943429627,0.6984046867177798,-1.7270057647444377,-0.015312761537118044
-0.21353504618415556,-0.6736268053101122,-0.19972587725267388,0.7582038071567139,0.9736052073103666,-0.1571475399147332,-0.7618863552708194,-1.6096064480166161,1.5669590506392093,-1.6057136023401335,-1.7792096315105101,1.3582891392450576,0.12328720784560476,0.26950912572667934,-0.7359133044603129
0.40167690519162713,0.011308324969720836,0.7445430718057283,-1.2631165028946072,1.4810039388667016,-1.0000398076611972,0.5079881781630959,-0.9889167650955353,-1.5834109830372982,0.5723891953072933,0.4186764284074791,-1.5881299329562935,-0.13603430066389313,0.39298087507903545,-0.015312761537118044
-1.4941803327214993,-1.597599699177538,0.8398362684996956,0.7045404360934046,-1.4897962680318386,1.0076515504227015,0.7113215626706417,-0.14571568641029348,1.7069754965803876,1.7309545132048607,1.1142099916726655,1.4016245727967138,1.6550129181083721,-0.6553641665919128,-0.7359133044603129
0.703005207906297,0.6824528150425772,0.5972717678241427,-1.5373959549959662,1.2602273915482964,0.6647019755654096,-0.5854083234340818,0.08850683544671815,0.02677814528625009,0.8967874843186119,-0.5087016559461028,0.2651430676717459,0.9300652343195982,0.479178134060869,-1.4565138473835078
1.6321008079431933,-1.248236813934133,-0.2170519130152133,-1.6685730842618338,0.45071338471414385,0.4595942498234579,-0.8002511448005449,1.294752823010328,1.4269426046980318,-1.698398827771939,0.6690685111829462,0.10936975247254906,-0.413796449778511,0.10177391905932763,1.4258883243092715
0.8536693592636311,-0.12200119703105199,-1.5771457203745634,0.22753269330843204,0.08275247251680187,-0.5348531213242638,0.18572394611340168,0.6389297618106954,0.5168357060803735,0.8504448716027092,-0.4994278751025671,0.19447898233075672,-1.2309473365928845,0.37667328554193186,-0.015312761537118044
-1.3560715273106092,-0.825323847586854,0.23342501681081343,-1.2034905350464857,0.814801024151514,-0.38601702523831727,-0.7235215657410938,1.0605303011533165,0.3068110371686066,0.4797039698754878,-0.5179754367896388,1.2368718434381645,-0.5786096751867696,-0.715935213444012,-0.7359133044603129
1.0294442025138546,-0.8345176077248381,0.6839019466368401,-1.1080889864894912,-1.1683146289541606,1.1928987009919456,1.5822022849954112,0.17048471809667215,0.02677814528625009,0.0162778427164607,-1.5473651104221147,1.026441224660302,-1.0765069715250055,0.5700347043390178,-0.7359133044603129
-0.06287089482682064,-0.07143551627213807,-1.0746906832609182,-1.6566478906922093,0.45071338471414385,0.4785090833212748,1.3827053794408388,-0.9303611346312824,-0.1832465236255169,0.10896306814826617,1.2069478001080238,-0.5558877139420662,-0.8932531055116272,-1.4288098417802568,-1.4565138473835078
0.2635680997807378,-0.27829511937678564,0.4846525353676359,0.6747274521693437,1.4461444840269533,1.6209650265894135,-1.6020752459718086,1.6577977318886958,-0.8133205303608186,0.06262045543236344,-0.14702420304820593,-0.7647566954748239,-0.1648478016093929,0.2601905031340487,-0.015312761537118044
0.8662247052100758,1.6064257089100034,-1.6117977918996425,-1.6685730842618338,-0.03344571028235875,0.719082121871633,1.3481770688640855,-1.2231392869525468,-0.11323830065492778,0.9431300970345147,-0.8796528896875356,-0.5601822163661043,1.5478266945911128,-1.47540295474341,0.7052877813860767
0.16312533220918088,0.705437215387538,1.1083898228190578,-0.5595300822867727,0.12923174563646622,-0.21767500710774718,-1.3718865087934555,-1.1880059086739954,-1.233369868184353,1.2675283860458333,-1.018759602340573,1.4480832808385795,-0.6293214368508493,-0.9605490565005665,0.7052877813860767
-0.9166344191850501,-0.089823036548107,-0.9014303256355233,0.1082807576121889,0.3190221108750952,0.11002448324193001,1.1448436843565402,0.791174401017753,-0.5332876384784622,0.0162778427164607,-1.167140095837146,-0.6484147207145217,-1.7207768526663803,-0.2896082298311597,-0.7359133044603129
-1.9210620949006139,1.4133567460123322,-0.3123451097091806,1.4081268567012388,-0.6260564425580778,1.712938404472548,-1.1493707295210474,0.06508458326101707,0.4468274831097845,1.684611900488958,0.1404630031014045,-1.589301160890122,-0.8241007032424278,-0.38512411140562386,0.7052877813860767
1.305661813335635,-0.2920857595837623,-0.6242137534348915,0.03672959619444286,1.6514279403054701,0.3411401050433798,-1.4562890457588518,-0.8366721258884778,0.4468274831097845,-0.030064769999442034,0.2795697157544418,0.11483548283041553,-1.1721677946640647,0.9031754620255636,0.7052877813860767
-1.1049646083817182,1.2708534638735751,0.8744883400247745,0.17983191902993453,-0.23485589380090366,-0.2570415043250785,-1.6788048250312597,-0.8132498737027767,1.1469097128156753,-1.6520562150560363,0.05699897550958212,-0.42822386915475447,-0.3826778687573712,-0.9186152548337286,0.7052877813860767
1.0043335106209659,0.48478697207591404,-1.4731895057993265,-0.16599869448917037,0.03627319939713779,-0.13882379496372313,-1.6366035565485617,-1.305117169602501,1.4269426046980318,1.5455840623412498,-0.10065529883052682,0.5079776592855317,-0.17752574202541305,1.1175037816560687,0.7052877813860767
0.4770089808702946,-1.1149272919333604,-0.502931503097115,1.2888749210049957,-1.0947224465146923,-1.4751567815844846,-0.876980723859996,-1.644739826295168,-0.11323830065492778,-1.2349727006129119,1.2904118276998462,-1.5162946196814757,-1.2263371764416044,0.3906512194308778,-0.015312761537118044
0.9415567808887433,0.41583377104103153,0.19877294528573458,0.9072687267770178,-0.5602108056385533,0.524495772262842,0.41207620433878206,-0.30967145171020166,0.3068110371686066,1.3602136114776386,-1.6679242613880805,-1.3554459834356885,0.8182688506510589,-1.7200167977999645,0.7052877813860767
0.18823602410207033,0.7651966562844367,-0.9707344686856813,-1.3227424707427287,-0.823593353316651,-0.29912700885772103,-0.7542133973648741,0.006528952796764169,-0.46327941550787344,-1.4203431514765228,0.678342292026482,-1.3784801328009832,-0.23054258376513256,-0.902307665296625,0.7052877813860767
-0.025204856987487347,1.0088312999410214,1.1776939658692156,-1.5016203742870935,-0.27358862140062384,1.024438465152014,-0.009936480488198656,0.4398406182322356,-1.3733863141255311,1.0821579351822228,0.5392355793734448,-1.4674934557719528,-1.2102016159121245,-0.2756302959422137,1.4258883243092715
0.451898288977406,0.6180964940766872,0.38069632079239907,-0.5177919047930877,0.6792364775524933,1.3799191172016099,0.1358497197247583,-0.7546942432385236,1.0769014898450862,-0.26177783357895545,-0.3324998199189223,0.24132809968389865,-0.22939004372731264,-0.16846613612696124,1.4258883243092715
-0.012649511041042618,-1.5424371383496323,1.2643241446819131,1.6406681313089126,0.7528286599919614,1.599567621195008,-0.6889932551643408,-1.1177391521168918,-0.8133205303608186,0.7577596461709037,1.0585673066114507,-1.1668782860892921,-0.8978632656629071,0.3533767290603552,1.4258883243092715
0.25101275383429306,-0.32426392006670735,-0.2170519130152133,-1.5970219228440878,-1.609867723590971,1.0401614204970744,1.4210701689705643,0.11192908763241924,-0.25325474659610603,1.3602136114776386,0.9101868131148776,0.884722644667048,-1.045388390503866,1.1338113711931723,-1.4565138473835078
-0.2888671218628226,0.8019716968363739,0.7098910002806494,-0.46412853372977814,0.694729568592381,1.1511678495873872,0.2202522566901546,0.05337345716816633,0.23680281419801746,-0.4934908971584689,-0.8703791088439998,0.053150811648778835,-0.18789860236579273,0.665550585913482,1.4258883243092715
1.3182171592820797,0.7514060160774597,-0.5115945209783846,0.2573456772324928,0.09437229079671809,1.1101463044389968,0.9031455103192695,-1.2582726652310987,-1.1633616452137638,1.684611900488958,-0.9074742322181432,-1.6490337855153778,-0.9186089863436668,-1.5080181338176173,0.7052877813860767
0.5648964024954067,0.5721276933867655,-0.2690300203028319,1.7002940991570343,-1.1838077199940487,-1.4165207977412524,1.4095607321116461,-0.11058230813174165,-0.32326296956669515,1.7309545132048607,0.6134258261217314,0.10585606867106351,1.401454109787974,1.5764459443431282,-1.4565138473835078
0.5272303646560726,-1.2206555335201803,-0.33833416335298977,-1.5135455678567178,0.5126857488736964,-1.4727924273972575,-1.0304398819788982,-1.000627891188386,1.2869261587568537,-0.9105744116015931,-1.1022236299323953,1.4988364913044832,-0.9773885282724865,-1.1282842631679182,-0.015312761537118044
-0.9291897651314948,0.7376153758704833,0.06882767706668838,-0.6251186469197065,-0.7035218977575182,-0.7438620314751401,-0.8808172028129686,-0.356515956081604,0.5868439290509627,-0.9105744116015931,-0.3788687241366014,0.09999992900192076,-0.39650834921121114,-0.729913147332958,-1.4565138473835078
-0.9919664948637175,1.178915862493732,-1.1526578441923458,0.191757112599559,1.380298847107429,0.7255840958865076,1.704969611490533,1.0488191750604658,-1.5134027600667093,1.684611900488958,-1.5009962062044355,-1.6935404470008628,-0.650067157531609,-0.05431300936723577,-1.4565138473835078
-0.37675454348793436,-0.4391859217915115,0.23342501681081343,-1.5552837453504027,0.7450821144720178,1.7391827359507688,0.07446605647719738,0.4398406182322356,0.37681926013919537,1.0821579351822228,0.7989014429924477,-0.2529300883917485,-1.4591502640812426,1.487919029713137,-0.015312761537118044
1.104776278192522,1.2892409841495436,-1.5338306309682146,-0.46412853372977814,0.5591650219933603,0.2213855654603268,-0.14421324384223805,1.072241427246167,0.9368850439039079,-0.3081204462948582,0.8174490046795193,1.5316308734516826,0.1924396101148042,-0.9535600895560936,1.4258883243092715
-0.891523727292161,0.3009117693162273,-1.1613208620736157,-1.0723134057806183,1.2950868463880443,-0.8411552062795355,-1.598238767018836,-1.363672800066754,0.5168357060803735,1.03581532246632,0.7061636345570895,1.656561853060061,1.4348777708847542,-1.5126774451139327,-0.7359133044603129
-0.30142246780926735,1.2340784233216373,-1.421211398511708,-1.1379019704135518,-0.49049189595905707,1.2962209789737702,-1.3373581982167024,-0.29796032561735114,-0.25325474659610603,-1.095944862465204,-0.25830957317063574,1.651876941324747,-0.4172540698919709,0.9544278862850322,0.7052877813860767
0.6904498619598523,-1.5102589778666868,-0.5635726282660032,1.1636603885239403,0.7567019327519336,1.3320409449102608,0.25861704621988013,-0.40336046045300616,0.5168357060803735,-1.5130283769083284,-1.5473651104221147,0.4970461985697983,0.1544057888667444,-1.4334691530765722,1.4258883243092715
0.28867879167362637,1.3811785855293868,0.4240114101987478,-1.638760100337773,-0.43626607731944883,-1.476220740968737,1.3021393214284147,0.4515517443250863,-0.04323007768433904,0.1553056808641689,0.6041520452781954,-1.5045823403431902,-0.22362734353821268,-0.8254290289074221,-0.7359133044603129
0.3765662132987386,1.022621940147998,-0.7888110931790167,-1.334667664312353,-1.621487541870887,-1.5702038199110144,-0.8271064974713529,1.4469974622173858,1.1469097128156753,0.5260465825913906,0.8174490046795193,-0.5426137973586761,1.327691547367495,-1.6664347178923384,-0.7359133044603129
0.6778945160134076,-0.8069363273108849,0.6145978035866821,0.8595679524985202,0.7799415693117656,1.0740899030837834,0.757359310106312,-1.08260577383834,1.6369672736097984,0.5723891953072933,-0.03573883292577608,0.8066407824118115,-1.1191509529243453,-0.480639992980088,0.7052877813860767
-2.0466155543650593,0.14921472703948588,1.1863569837504855,0.621064081106034,-1.7144460881102157,-0.6687937860306794,1.137170726450595,1.2361971925460753,-0.39327119253728426,-1.0496022497493012,1.50370878710117,0.6977165845657566,0.5635575022928411,-1.0257794146489811,1.4258883243092715
1.0796655862996334,1.1053657813898567,0.46732649960509653,-1.6029845196289,1.0433241169898628,-0.6741135829519403,1.4133972110646191,-0.8132498737027767,-0.04323007768433904,0.3406761317277796,-1.5937340146397938,1.399672526240333,0.08179576648408483,-1.2424373899276437,-0.015312761537118044
-3.2268180733308474,-1.0873460115194074,-1.1613208620736157,-0.15407350091954608,-1.6757133605104955,1.0697158478374131,-0.677483818305423,1.7397756145386503,-0.1832465236255169,1.313870998761736,0.474319113468694,1.4230970849169038,-0.23400020387859233,-1.2634042907610628,-1.4565138473835078
1.5567687322645258,1.4455349064952774,-1.3172551839364712,-1.4777699871478447,1.6204417582256943,1.5325381799871196,-1.3450311561226478,-0.8600943780741789,-0.5332876384784622,1.499241449625347,1.0214721832373075,0.51734748275616,1.6861314991295118,0.658561618969009,-0.015312761537118044
1.4312152728000804,-0.8575020080697989,-1.35190725546155,-0.3866147755272203,1.4229048474671213,0.09690231750281957,1.5706928481364937,1.1073748055247186,-1.5834109830372982,-0.44714828444256616,-0.15629798389174174,0.8542707183875055,-1.5974550686196414,-1.247096701223959,-0.7359133044603129
1.606990116050304,-0.6736268053101122,-0.5808986640285427,-0.839772131172944,0.6598701137526332,-1.3509099690457,0.8647807207895439,0.006528952796764169,-0.5332876384784622,0.9431300970345147,1.6799106231283505,0.8167914245049923,-0.5209826732957701,-1.275052569001851,-0.015312761537118044
0.552341056548962,-0.27829511937678564,1.749453146033019,-0.839772131172944,1.5894555761459181,0.7805553307395379,-1.6135846828307265,-0.7078497388671214,-0.9533369763019968,-1.6057136023401335,-0.7498199578780342,0.15973255362717653,-0.6443044573425091,-1.4241505304839415,-1.4565138473835078
0.8662247052100758,1.4225505061503165,-0.8667782541104443,-0.4522033401601539,0.694729568592381,1.138163901557638,-1.4946538352885772,0.12364021372526998,-1.5834109830372982,-1.1422874751811065,-0.6014394643814611,0.9659277814124938,0.031084004820005506,-0.46200274779482675,0.7052877813860767
-2.2977224732939505,-0.04845111592717722,1.71480107450794,0.9311191139162662,0.5049392033537523,-0.12995746676162145,1.4517620005943446,-0.6610052344957191,0.4468274831097845,1.499241449625347,0.678342292026482,-0.040157013746228744,1.1167767204464365,-1.2098222108534364,-0.015312761537118044
1.3307725052285244,-0.02546671558221638,1.1170528407003277,-0.91132329259069,1.1750153908289118,-1.4383910739731032,0.23176169354907217,-1.3753839261596046,-1.1633616452137638,1.7772971259207633,-0.0450126137693119,1.3746863303186574,0.40565951711150244,1.24563484230474,-0.015312761537118044
1.0168888565674108,-0.2093419183419031,1.1950200016317554,-0.6191560501348943,-0.49049189595905707,-1.6937413261936307,-1.410251298323181,-0.33309370389590276,0.09678636825683921,0.5260465825913906,0.07554653719665376,1.6011237308588433,1.1490478415053964,-0.24301511686800645,-1.4565138473835078
0.08779325653051386,-0.17716375785895813,-0.10443268055870654,-1.6089471164137124,-0.6221831697981057,-1.715138731588036,0.009245914276664116,1.0956636794318684,-0.5332876384784622,-0.07640738271534452,1.0214721832373075,1.4562818763753793,0.70070976679342,-0.26165236205326775,-0.7359133044603129
0.16312533220918088,-0.5449141633783315,0.8918143757873143,-0.6012682597804578,0.7567019327519336,-0.0641102026473465,-0.8961631186248588,-1.586184195830915,0.726860374992141,0.618731808023196,-1.3711632743949342,0.2842731239242787,0.6672861056966402,-0.3525089323314166,-0.7359133044603129
1.7953203052469722,0.3836556105580862,0.216098981048274,-1.525470761426342,1.6204417582256943,-0.4285754006084052,1.5898752429013563,-0.7664053693313744,-0.32326296956669515,0.43336135715958507,0.4186764284074791,-1.093871744880646,0.2316259714006836,1.3388210682310466,0.7052877813860767
0.5272303646560726,0.45260881159296873,-1.6377868455434519,-1.400256228945287,-1.609867723590971,1.1186579795130143,0.6000636730344374,0.19390697028237322,-1.023345199272586,-0.5398335098743716,1.346054512761061,1.0838313934179011,1.5985384562551928,0.8752195942476717,0.7052877813860767
-1.0672985705423845,1.3306129047704733,1.1430418943441367,-1.4121814225149112,-0.8933122629961472,0.5724921622635524,-1.2184273506745533,0.5920852574392932,1.1469097128156753,-0.4934908971584689,-1.5009962062044355,-0.34740914172058474,-1.5548110872203018,1.49490799665761,-0.7359133044603129
1.996205840390085,0.6089027339387028,-0.9274193792793326,-1.644722697122585,1.1130430266693596,0.6944928383244712,1.3405041109581404,-1.1177391521168918,0.5868439290509627,0.3406761317277796,-0.45305897088488795,-1.4077608311466971,-1.6988785919478007,0.4069588089679814,-0.015312761537118044
-0.7785256137741603,0.8249560971813348,-0.09576966267743697,0.6985778393085923,0.47395302127397626,0.9719498021955723,0.40440324643283737,0.8965745358534081,-0.25325474659610603,-0.5861761225902743,-0.2304882306400283,1.0022358473611792,-1.6354888898677011,-1.4777326103915678,-0.7359133044603129
-1.3309608354177203,0.24115232841932924,-0.2170519130152133,-0.8576599215273806,-0.2309826210409316,-1.2441593774923962,-0.3475466283497836,1.1659304359889715,-0.04323007768433904,0.3406761317277796,-0.017191271238704443,-1.0267213433411426,-0.14755970104209304,-0.7415614255737463,-0.015312761537118044
-0.891523727292161,1.436341146357293,-0.6502028070787006,0.7164656296630285,0.11761192735655028,1.1057722491926265,1.6167305955721643,1.1307970577104198,1.0068932668744972,-0.12274999543124725,1.5129825679447058,-0.8732904840096027,0.6257946643351207,-0.16380682483064593,0.7052877813860767
-1.8080639813826132,-0.7931456871039086,-0.6502028070787006,0.91323132356183,-0.5911969877183296,-0.3271446059763623,-1.6711318671253148,-0.9420722607241331,-1.233369868184353,-0.6325187353061769,1.6242679380671357,1.3805424699878002,0.5232186009691414,0.13438909813353492,-0.7359133044603129
0.25101275383429306,1.0410094604239668,-0.6848548786037796,-1.2631165028946072,-0.7073951705174902,0.5200034993071105,-0.05597422792386942,-1.5510508175523632,-0.11323830065492778,-0.8642317988856903,-0.3324998199189223,-0.43915532987048767,-1.0926425320544855,1.7232142501770609,-0.7359133044603129
0.502119672763184,0.31010552945421177,-0.48560546733457555,0.5077747421946031,-0.20774298448109968,-0.5011610741562774,-0.8040876237535175,-0.4619160909172591,0.6568521520215519,1.5455840623412498,-0.3603211624495298,1.0319069550181685,0.575082902671041,1.3597879690644654,-1.4565138473835078
-1.619733792185945,0.3376868098681645,0.7098910002806494,1.032483259258073,-0.9978906275153918,-0.434486286076473,1.2369191792278813,-1.586184195830915,-0.5332876384784622,1.03581532246632,0.9194605939584134,0.25225956039963204,-0.1902036824414329,-0.888329731407679,-0.015312761537118044
-1.2179627218997195,1.7397352309107759,1.6801490029828612,-0.5535674855019606,-1.0133837185552799,1.3572213170042295,-1.5099997511004675,1.5875309753315927,1.2169179357862645,-1.0032596370333984,-0.2675833540141716,1.3883506562133237,-0.6800331985149289,-0.29193788547931737,-0.015312761537118044
0.5900070943882954,0.6962434552495542,-0.7974741110602863,-1.5135455678567178,-0.2426024393208478,-1.0782999312584145,-0.2593076124314147,-0.2511158212459487,-0.6032958614490512,-1.1422874751811065,-1.4639010828302923,0.14060249737464367,0.812506150461959,-1.3263049932613196,-0.7359133044603129
0.32634482951296057,0.5905152136627337,-1.0920167190234578,-0.5118293080082754,-0.5950702604783017,0.8254780602968529,1.3251581951462503,0.5920852574392932,1.7069754965803876,-0.9105744116015931,-1.7977571931975818,-1.095433382125751,-1.0684391912602655,-0.9954938912229315,-1.4565138473835078
-0.590195424577492,1.298434744287528,1.1083898228190578,0.47199916148573007,-0.16126371136143533,-0.31425887565597455,1.6704413009137804,-0.8366721258884778,1.3569343817274426,1.221185773329931,0.7247111962441611,0.433799890143057,-0.8114227628264078,0.6003202277650674,-0.7359133044603129
0.4267875970845166,0.8893124181472247,-1.1959729335986946,-1.2750416964642315,1.1130430266693596,0.7236926125367259,-1.3565405929815653,-0.2042713168745464,0.8668768209333189,-0.3544630590107607,-0.35104738160599397,-0.6308463017070934,1.2516239048713753,-0.2802896072385291,0.7052877813860767
-0.590195424577492,1.5880381886340345,-0.42496434216568724,-1.453919600008596,-1.7221926336301598,1.5345478810462627,0.3775478937620294,-0.356515956081604,0.6568521520215519,-1.5130283769083284,1.0307459640808432,-0.7202500339893392,-0.2962373659208719,1.266601743138159,-0.7359133044603129
0.06268256463762485,1.6937664302208542,-1.6811019349498006,0.22753269330843204,0.3267686563950393,-0.7860657537171439,0.2969818357496057,-0.06373780376033948,0.37681926013919537,-0.12274999543124725,0.8452703472101268,-0.9025711823553165,0.33304949472884293,-0.04732404242276279,-0.015312761537118044
-1.0547432245959403,-0.636851764758175,-1.3085921660552013,1.145772598169504,0.36937465675473163,-1.5958570628424285,-1.1148424189442943,-0.30967145171020166,-0.11323830065492778,-0.6325187353061769,0.938008155645485,-0.6273326179056077,0.7871502696299193,-0.17312544742327657,-1.4565138473835078
-1.2681841056854974,0.8571342576642801,-1.629123827662182,0.6270266778908462,-1.5517686321913906,-1.5628743219306103,0.4274221201506725,0.07679570935386762,1.4969508276686203,0.618731808023196,1.6335417189106716,1.2122760568277653,-0.37691516856827123,0.6096388503576982,1.4258883243092715
-0.2888671218628226,0.8019716968363739,0.7272170360431889,-0.21369946876766766,0.3500082929548715,0.19809667671613979,-0.3552195862557285,0.8380189053891552,0.02677814528625009,0.4797039698754878,0.7525325387747686,-1.320309145420832,0.7214554874741796,1.3458100351755196,-0.7359133044603129
0.8662247052100758,1.6340069893239562,-0.5202575388596544,-0.16599869448917037,0.8806466610710385,-0.7310945188641137,1.4440890426883994,0.6740631400892472,-1.7234274289784766,0.9894727097504173,1.095662429985594,0.4896284216555509,1.3680304486911947,-0.2150592490901145,0.7052877813860767
-0.6278614624168253,-0.3978140011705821,-0.25170398454029247,0.2573456772324928,1.4422712112669815,-1.159633715299027,-0.7695593131767646,-0.7312719910528226,1.0769014898450862,0.10896306814826617,-1.074402287401788,-0.11550601082253227,1.4913522327379336,1.0918775695263343,1.4258883243092715
2.4733089863549775,-1.3079962548310313,0.02551258766033965,-1.0126874379324966,1.6785408496252745,-0.6430223253899039,1.7471708799732315,-0.6258718562171672,-0.9533369763019968,-1.4666857641924256,-0.7405461770344984,0.17144483296546204,0.9093195136388382,0.8123188917474148,-0.7359133044603129
0.5397857106025173,-1.648165379936452,-1.1439948263110762,0.3229342418654262,-0.35492734936003634,-1.2931015091679974,1.3213217161932775,0.7794632749249023,-0.8833287533314076,1.2675283860458333,0.8823654705842701,-1.4265004780879535,-1.6896582716452406,-0.1405102683490693,0.7052877813860767
-1.1802966840603857,-1.3125931349000237,0.4413374459612872,-0.7026324051222644,-1.1140888103145525,1.061322390472757,1.5284915796537957,1.6460866057958456,-1.233369868184353,0.24799090629597412,-1.3433419318643267,1.3883506562133237,1.533996214137273,0.5746940156353332,-0.7359133044603129
0.8662247052100758,0.27333048890227457,0.3460442492673202,-1.483732583932657,1.6165684854657223,0.6122133126089677,0.1588685934425937,1.0488191750604658,1.3569343817274426,-1.188630087897009,1.1234837725162015,0.8757432305076955,-0.780304181805268,-1.22612980039054,0.7052877813860767
0.18823602410207033,1.5880381886340345,-0.7021809143663192,0.9072687267770178,-1.6873331787904113,1.2464513233326395,1.5016362269829877,-1.1528725303954435,1.4969508276686203,0.711417033455001,-0.5828919026943894,1.2079815544037271,0.20165993041736394,0.8705602829513563,-0.7359133044603129
0.3389001754594044,-0.3196670399977154,-0.12175871632124628,0.19771970938437125,1.0278310259499752,-1.671516396833696,-1.0803141083675414,-1.08260577383834,-1.7234274289784766,1.499241449625347,1.3275069510739894,0.5950389357001202,-1.030405370012206,-0.3198937532572093,-0.7359133044603129
0.9917781646745213,-0.6460455248961591,1.4982256274761965,-1.6924234714010824,0.4933193850738364,1.4171576956504368,0.5310070518809316,-1.422228430531007,-0.8833287533314076,-0.9569170243174958,-0.1284766413611343,0.9198594826819044,0.6269472043729405,1.737192184066007,-0.7359133044603129
-1.4062929110963878,0.46639945179994574,-0.5808986640285427,1.646630728093725,-1.5556419049513628,-0.33175509664145514,0.6345919836111906,1.6812199840743973,1.0769014898450862,-0.030064769999442034,0.06627275635311794,-0.407922584968393,1.418742210355274,0.7843630239695228,1.4258883243092715
1.7827649593005275,1.155931462148771,-0.23437794877775273,-0.45816593694496616,0.9000130248708985,-0.6620553765970821,0.2893088778436605,1.7749089928172017,-1.7234274289784766,1.3602136114776386,1.1513051150468088,-1.4967741541176665,0.558947342141561,-0.22670752733090282,0.7052877813860767
0.8285586673707425,1.6615882697379094,-0.3729862348780688,1.3246505017138686,1.6785408496252745,-1.3341230543163876,1.4901267901240702,1.3650195795674314,1.0068932668744972,-1.095944862465204,-0.7776413004086417,-0.11433478288870345,-0.9128462861545669,0.17399324415221518,1.4258883243092715
-0.6906381921490481,-1.2758180943480864,0.8484992863809655,1.0205580656884485,1.3725523015874845,0.3950473805121579,1.440252563735427,0.4866851226036378,0.09678636825683921,-1.3276579260447174,-0.21194066895295666,-1.6498146041379302,-1.1387441335672852,0.9590871975813475,0.7052877813860767
1.2805511214427454,-0.2553107190318248,-0.8494522183479049,-0.6310812437045186,-0.4401393500794209,1.402262264270906,0.17037803030151125,0.6623520139963964,1.3569343817274426,-0.44714828444256616,1.1884002384209522,0.5075872499742554,-1.3657945210178233,-0.10556543362670436,-0.7359133044603129
1.0043335106209659,-0.27829511937678564,-0.5202575388596544,-0.33295140446391075,-1.036623355115112,1.103289677296038,1.267611010851662,0.42812949213938484,0.3068110371686066,1.5919266750571524,-1.7513882889799028,1.0768040258149296,-0.7099992394982486,1.5065562748983983,-0.7359133044603129
-0.43953127322015706,-0.9954084101395639,0.7272170360431889,-0.3210262108942865,0.013033562837305609,1.6150541411213457,-0.7158486078351486,0.5335296269750404,-0.8133205303608186,0.8041022588868064,0.9194605939584134,-1.7056431356504242,1.2666069253630354,-1.4730732990952524,-0.7359133044603129
0.4142322511380718,-0.0944199166170989,0.3027291598609715,-0.9649866636539994,0.6676166592725773,-1.4913526077669903,-0.7005026920232584,0.5452407530678907,-0.5332876384784622,-0.3081204462948582,-1.0929498490888596,-0.6851131959744827,0.024168764593085302,0.8076595804510994,1.4258883243092715
-0.37675454348793436,0.5537401731107966,-0.17373682360886458,0.08443037047294015,0.4003608388345077,-0.6542530077792327,0.20106986192529183,0.9668412924105118,1.0769014898450862,1.03581532246632,0.20537946900615522,0.043390578866874266,0.18898199000134408,-0.7392317699255886,-1.4565138473835078
0.451898288977406,-1.1746867328302586,1.4808995917136567,0.2811960643717413,0.7838148420717379,-1.208457629265267,0.6192460677993002,-0.4502049648244085,0.9368850439039079,0.2943335190118769,-0.2212144497964925,-0.6679351862783308,-0.8771175449821472,-1.7013795526147033,-0.015312761537118044
-0.1633136623983771,1.4133567460123322,0.43267442808001766,-0.33295140446391075,0.2609230194755149,0.45261940497113795,-1.4716349615707418,-1.1060280260240412,-0.32326296956669515,-0.16909260814715,-1.0280333831841089,-1.2207547710454054,-0.420711690005431,0.8286264812845184,-0.015312761537118044
-0.6780828462026037,0.1676022473154545,0.7098910002806494,-0.9351736797299386,-1.0714828099548601,0.8728833617507564,-1.203081434862663,0.41641836604653454,-1.233369868184353,-0.21543522086305272,0.835996566366591,-1.6587940182972825,1.1259970407489965,-0.14749923529354228,-0.015312761537118044
-1.9210620949006139,-1.3907400960728904,-0.42496434216568724,-0.04078416200811521,-0.08767152892196699,-0.38164296999194713,1.0144033999554731,-0.6492941084028686,-0.8133205303608186,1.1748431606140284,-1.5102699870479714,0.49314210545703646,-0.5221352133335901,-0.4713213703874574,1.4258883243092715
-2.3981652408655068,0.3744618504201024,0.7618691075682681,1.6764437120177857,-0.3471808038400922,1.3500100367331869,1.0105669210025008,0.6389297618106954,0.8668768209333189,-1.698398827771939,-0.0450126137693119,-0.8959342240636214,1.5455216145154729,1.7278735614733762,-0.015312761537118044
0.1254592943698476,-0.8942770486217364,-1.5771457203745634,1.3663886792075535,-0.33168771280020415,0.7385880439162567,-0.28616296510222267,-0.3448048299887533,1.4269426046980318,-0.8178891861697878,1.5686252530059208,-1.320309145420832,-1.5098620257453221,-1.7270057647444377,-0.015312761537118044
-1.3184054894712756,0.21357104800537619,0.25075105257335284,0.05461738654887937,-1.5207824501116147,0.3533165291075994,-1.2452827033453613,-0.6727163605885697,-0.32326296956669515,1.1748431606140284,-0.14702420304820593,-1.2266109107145482,1.3380644077078747,-0.7578690151108499,1.4258883243092715
0.7281158997991856,0.6548715346286244,-1.3085921660552013,-0.4999041144386512,1.430651392987065,0.784929385985908,-1.548364540630193,1.32988620128888,0.4468274831097845,0.5260465825913906,-0.7034510536603551,0.6813193934921568,0.9899973162862375,0.6515726520245361,-1.4565138473835078
-0.2386457380770446,0.9306843387681545,1.1690309479879457,-0.762258372970386,-1.4433169949121742,0.9728955438704631,0.33918310423230386,0.6155075096249943,0.7968685979627297,-1.1422874751811065,-0.5643443410073178,1.073290342013444,0.2120327907577439,-1.5406333128918246,-0.015312761537118044
-0.2637564299699336,-0.5954798441372455,-0.3556601991155294,-0.46412853372977814,-0.29682825796045603,-0.6635922068187797,1.0796235421560068,-1.2934060435096506,-0.39327119253728426,-0.8178891861697878,1.6242679380671357,1.3481384971518766,1.4994200130026734,-0.41307997918351586,1.4258883243092715
0.502119672763184,-1.2804149744170785,-1.0400386117358391,0.2931212579413654,0.1524713821962984,0.11368923223213202,1.4786173532651525,-0.5438939735672133,1.3569343817274426,-0.3544630590107607,-1.018759602340573,0.6824906214259852,-1.5432856868421019,-1.200503588260806,-0.015312761537118044
-0.2888671218628226,-0.6000767242062374,-0.44229037792822684,-0.833809534388132,-0.28133516692056804,1.057302988354471,-0.2631440913843873,-1.2348504130453977,-1.1633616452137638,-1.37400053876062,1.1513051150468088,0.2167323130734993,-1.6481668302837211,0.46985951146823834,-1.4565138473835078
0.4644536349238499,0.4709963318689377,1.2383350910381041,0.2096449029539953,-1.3774713579926499,1.447184993828221,0.11283084600692292,-0.7781164954242249,-1.6534192060078874,0.5260465825913906,-0.4808803134154954,-0.5902437333343703,-1.2712862379165841,-0.11721371186749267,-0.015312761537118044
1.2679957754963016,-0.6230611245511982,0.3027291598609715,-0.02885896843849094,1.732766668264883,1.0354327121226201,0.055283661712334606,1.2361971925460753,0.02677814528625009,0.7577596461709037,1.6242679380671357,-0.5309015180203905,-0.3953558091733912,0.42792570980140043,1.4258883243092715
-1.029632532703051,-1.3033993747620394,1.065074733412709,0.656839661814907,0.7334622961921012,1.0447719111621672,1.6742777798667527,0.2407514746537758,1.6369672736097984,-1.6520562150560363,0.29811727744151345,-0.8799274423012978,-0.009254896503694167,-0.46433240344298443,1.4258883243092715
-0.5274186948452693,-0.5081391228263941,-1.0573646474983787,-1.1259767768439275,0.9426190252305906,0.3647836469156509,-1.0879870662734865,-0.8249609997956272,0.02677814528625009,-1.37400053876062,0.019903852135438837,-1.7052527263391482,1.291962806195075,-0.9442414669634629,0.7052877813860767
0.5900070943882954,-0.089823036548107,-1.0140495580920301,0.47199916148573007,1.17114211806894,-0.7744804181997311,0.7343404363884768,0.9199967880391096,0.23680281419801746,0.8504448716027092,0.5299617985299089,-0.5301206993978382,-0.5071521928419304,-0.8324179958518951,-0.7359133044603129
1.606990116050304,1.1927065027007082,-1.2826031124113921,-0.833809534388132,-0.025699164762414597,-1.2287910752754199,1.5898752429013563,0.36957386167513195,1.5669590506392093,-1.37400053876062,0.8545441280536626,-0.762414239607167,-0.37922024864391124,0.00858769313302112,0.7052877813860767
-1.7829532894897242,1.2110940229766765,1.6454969314577819,-0.21966206555247988,-1.613740996350943,-1.6172544682368337,-1.598238767018836,0.3578627355822816,0.09678636825683921,-0.5398335098743716,1.5964465955365281,1.704972607658308,-1.6066753889222014,-0.07062059890433942,-1.4565138473835078
-0.9040790732386057,-0.10361367675508337,0.8225102327371562,1.1398100013846917,0.7567019327519336,0.6161144970178924,-0.8347794553772978,-1.2114281608596964,1.1469097128156753,0.5260465825913906,-1.0465809448711805,1.6717878161998325,1.170946102223976,-0.6716717561290164,0.7052877813860767
-0.1130922786125991,0.5767245734557574,-1.6637758991872609,0.4004480000679845,-1.5324022683915306,0.16605967747921246,0.5233340939749863,0.6389297618106954,-0.46327941550787344,1.5455840623412498,-0.9445693555922864,0.6532099230802714,0.2316259714006836,-0.34551996538694363,1.4258883243092715
-1.343516181364165,-0.8391144877938302,1.0477486976501695,1.0921092271061947,-0.09929134720188293,-1.1423739297322693,-1.1838990400978004,1.2010638142675234,0.6568521520215519,-0.5861761225902743,-0.4808803134154954,1.4562818763753793,-0.8713548447930473,1.3318321012865735,-0.015312761537118044
-0.3139778137557116,-1.15629921255429,1.1430418943441367,-0.6668568244133916,-1.427823903872286,-1.3518557107205909,-1.521509187959385,-1.1060280260240412,1.1469097128156753,-0.771546573453885,1.559351472162385,-0.35248446276717516,-1.0131172694449062,-0.34551996538694363,-0.015312761537118044
0.9666674727816318,-1.211461773382196,-0.49426848521584527,-1.024612631502121,0.4662064757540321,-0.12605628235269672,-0.8539618501421606,0.873152283667707,1.0068932668744972,-0.4934908971584689,1.253316704325703,1.6042470053490525,-0.8241007032424278,1.3341617569347313,-0.015312761537118044
0.7908926295314083,1.293837864218536,1.3509543234946106,-1.2333035189705464,1.3493126650276528,0.45273762268049933,1.5361645375597408,-0.11058230813174165,1.3569343817274426,0.0162778427164607,1.1049362108291299,1.71395202181766,0.035694164971285205,-0.08226887714512772,0.7052877813860767
-0.37675454348793436,0.92149057863017,-0.22571493089648317,-1.4241066160845355,-0.5563375328785816,0.31182211312176367,0.19723338297231924,0.22904034856092506,-0.1832465236255169,-1.4666857641924256,0.17755812647554778,1.2419471644847553,-0.9912190087263264,0.9917023766555548,-1.4565138473835078
0.08779325653051386,-1.459693297107773,0.23342501681081343,1.0682588399669457,-1.2767662662333774,0.34551416028974996,1.2023908686511287,-1.387095052252455,-0.32326296956669515,1.03581532246632,-1.538091329578579,-0.7589005558056812,-0.9278293066462269,-1.4823919216878831,0.7052877813860767
0.20079137004851505,0.01590520503871307,1.0130966261250907,0.8297549685744594,0.4236004753943396,1.0175818380090556,0.8762901576484614,0.6740631400892472,1.5669590506392093,-1.4666857641924256,0.9287343748019492,-0.43642246469155443,0.1325075281481645,0.9917023766555548,1.4258883243092715
-0.6027507705239363,1.004234419872029,-0.09576966267743697,1.2769497274353712,-0.6105633515181897,-1.181622209240239,0.4082397253858097,-0.40336046045300616,-1.303378091154942,0.9431300970345147,0.4557715517816224,-0.35053241621079423,1.2251154840015157,0.9334609854516133,0.7052877813860767
-0.43953127322015706,-0.7195956060000338,-1.7070909885936096,0.03076699940963062,0.8380406607113459,1.4338263926703878,1.0566046684381716,0.6155075096249943,1.2869261587568537,-0.4934908971584689,0.474319113468694,-1.645129692402616,-0.22708496365167247,0.9800540984147664,0.7052877813860767
-1.3811822192034982,-1.684940420488389,1.71480107450794,0.0784677736881279,0.609517567872997,-0.0033463000356098232,-1.0266034030259255,-1.0357612694669376,0.7968685979627297,-0.6325187353061769,0.8174490046795193,0.20580085235776638,0.20627009056864395,0.9078347733218789,-0.7359133044603129
-2.975711154401956,1.2294815432526454,-0.18239984149013444,-0.18984908162841913,-1.423950631112314,-0.8059263288898517,-1.410251298323181,-1.6213175741094668,-1.0933534222431749,1.6382692877730551,0.7618063196183045,0.24249932761772744,-0.25589846459717225,1.3947328037868305,-0.015312761537118044
-0.8789683813457163,1.0318157002859822,0.6145978035866821,1.2709871306505593,-1.3929644490325381,-0.43779638193859094,-0.1020119753595399,0.6974853922749483,0.8668768209333189,1.499241449625347,-1.0280333831841089,-0.7616334209846146,-0.8091176827507678,-0.12187302316380799,-1.4565138473835078
-0.8789683813457163,1.5650537882890736,-0.7541590216539377,0.22157009652361978,-0.19224989344121138,0.9051567964064064,-1.1570436874269925,1.1190859316175694,-1.233369868184353,-1.5593709896242307,0.3815813050333358,0.7621341209263267,0.7053199269447,1.4226886715647225,-0.7359133044603129
1.0419995484602993,-1.2896087345550629,0.23342501681081343,-0.875547711881817,1.6785408496252745,0.5877422467711672,-0.2554711334784421,1.4587085883102362,-1.4433945370961203,0.0162778427164607,0.835996566366591,0.40490960110861957,-1.6965735118721605,1.7045770049917996,0.7052877813860767
1.4939920025323032,1.4501317865642693,0.3980223565549385,-1.4956577775022812,-1.1179620830745245,-1.0208461245087959,1.206227347604101,-0.7664053693313744,-0.9533369763019968,1.5919266750571524,0.21465324984969106,-0.12097174118039875,0.24776153193016354,1.3854141811941998,-1.4565138473835078
-1.0672985705423845,-1.1425085723473134,1.0564117155314392,-0.9649866636539994,0.24930320119559893,0.47437146349362735,-0.09433901745359496,-0.2745380734316498,-0.8833287533314076,1.684611900488958,0.576330702747588,1.0205850849911595,1.7149450000750115,1.445985228046299,-0.7359133044603129
-0.037760202933931626,0.7651966562844367,-0.32967114547172005,0.8595679524985202,1.6165684854657223,-0.5577873569403666,0.43893155700959,-0.6492941084028686,-1.6534192060078874,1.313870998761736,0.07554653719665376,0.10234238486957795,1.4475557113007738,0.5979905721169098,-0.015312761537118044
0.6276731322276295,-1.0459740908984778,-0.19972587725267388,1.1875107756631889,1.6591744858254145,-1.4226681186280428,1.2023908686511287,0.22904034856092506,-1.303378091154942,-1.5593709896242307,0.4186764284074791,0.1694927864090811,1.6988094395455318,-0.8463959297408411,-0.7359133044603129
1.9585398025507519,0.8617311377332719,0.6319238393492219,-1.3167798739579166,1.6553012130654425,-1.2044382271469807,0.24327113040798998,0.7091965183677991,-0.04323007768433904,-1.6057136023401335,-1.732840727292831,-0.12097174118039875,-1.3139302193159237,0.8123188917474148,-1.4565138473835078
1.355883197121413,1.6937664302208542,-1.118005772667267,-1.2690790996794192,1.6126952127057501,-0.5402911359548861,-0.7580498763178467,0.93170791413196,-0.11323830065492778,0.8504448716027092,-1.528817548735043,-1.1333030853195405,1.1017936999547766,0.0598401173924897,-0.015312761537118044
-0.1130922786125991,-0.41160464137755876,-0.8754412719917141,1.6287429377392888,-0.19612316620118345,1.5075942433118736,-1.2376097454394162,-0.5087605952886615,0.8668768209333189,-0.3081204462948582,-0.3139522582318507,0.13865045081826277,-0.13603430066389313,0.30445396044904427,1.4258883243092715
-0.5148633488988246,-0.5219297630333708,1.073737751293979,0.36467241935911143,-1.6563469967106355,-1.3889760714600565,-0.24396169661952452,1.2010638142675234,-0.11323830065492778,1.4065562241935414,1.0029246215502357,-0.35716937450248926,-1.288574338483884,-1.6012043597439238,-0.7359133044603129
-0.4520866191666018,1.077784500975904,-0.9014303256355233,1.0921092271061947,-0.9049320812760633,-0.24285537920171588,-0.4204397284562621,0.5452407530678907,-0.5332876384784622,-1.188630087897009,-1.538091329578579,-1.5123905265687139,-0.056509038054314044,-0.8557145523334717,0.7052877813860767
0.25101275383429306,-1.1654929726922743,0.8225102327371562,-0.3568017916031595,-0.13027752928165925,-0.5244499629004644,-1.421760735182099,-0.9537833868169836,-1.4433945370961203,-0.4934908971584689,0.7154374154006253,-0.7331335412614532,-1.0396256903147658,-0.45967309214666907,-0.015312761537118044
0.13801464031629232,0.7697935363534286,0.796521179093347,0.8178297750048353,0.4816995667939199,-1.3097702061879484,1.4671079164062344,0.8614411575748567,0.6568521520215519,1.221185773329931,1.1234837725162015,0.7566683905684598,1.259691685136115,0.728451288413739,-1.4565138473835078
-0.17586900834482183,0.7605997762154442,0.31139217774224104,-1.3644806482364138,0.280289383275375,-1.0830286396328688,-1.4332701720410164,1.2244860664532244,0.23680281419801746,0.06262045543236344,1.1791264575774163,0.29051967290469777,0.7076250070203399,0.9893727210073971,-0.7359133044603129
0.6276731322276295,-0.04385423585818531,-1.5424936488494845,-0.839772131172944,0.44684011195417206,-1.1948625926887109,0.941510299848995,-0.5673162257529144,1.0769014898450862,1.4528988369094442,0.8174490046795193,-0.6425585810453789,0.13366006818598442,-0.8300883402037375,-1.4565138473835078
-0.30142246780926735,-1.3677556957279295,0.12946880223557655,-0.3866147755272203,-0.4052798952396725,0.9098855047808607,-0.6007542392459719,-1.0943168999311905,-0.04323007768433904,-0.5861761225902743,-1.5473651104221147,1.0198042663686073,0.15325324882892444,-0.31057513066457865,0.7052877813860767
0.552341056548962,0.5031744923518829,-1.2306250051237737,-1.3942936321604746,-0.21548953000104357,1.287827521609114,-0.1825780333719636,0.20561809637522396,-1.5134027600667093,-0.4934908971584689,0.6041520452781954,0.5243748503591311,0.19474469019044405,1.2479644979528977,-1.4565138473835078
1.8455416890327503,-0.8620988881387911,-1.3085921660552013,-0.37468958195759583,1.5972021216658623,-0.6113399792810607,0.6844662099998338,1.294752823010328,1.5669590506392093,-1.6520562150560363,-1.5844602337962579,1.1505913856461285,-1.5709466477497815,-1.594215392799451,-0.7359133044603129
-1.1551859921674967,-0.7517737664829791,-0.9187563613980628,0.8834183396377692,-0.5098582597589172,1.698988714767908,-0.7695593131767646,-0.3799382082673051,0.16679459122742835,-0.4934908971584689,-0.8425577663133924,0.720360324619775,1.7322331006423113,1.1221630929523838,1.4258883243092715
-0.8789683813457163,1.1605283422177628,1.71480107450794,0.19771970938437125,-1.439443722152202,0.9537442749539236,0.9798750893787205,0.8614411575748567,-1.4433945370961203,0.618731808023196,-0.06356017545638354,-0.2857244705389478,1.0407090779503172,-0.23136683862721813,-0.7359133044603129
-0.891523727292161,-1.0459740908984778,-0.9100933435167929,1.157697791739128,-0.048938801322246775,1.1543597277401436,-1.3335217192637299,-1.2699837913239493,0.4468274831097845,1.221185773329931,-1.38043705523847,1.3028510170438399,-0.4391523306105508,1.6137204347136507,-1.4565138473835078
-0.7659702678277155,-1.1976711331752194,-0.01780250174600908,-0.21369946876766766,-0.49436516871902914,1.3021318644418378,-1.2261003085804985,0.767752148832052,1.4269426046980318,1.4528988369094442,0.7989014429924477,-1.4077608311466971,0.8563026718991187,1.6276983686025968,1.4258883243092715
0.13801464031629232,-0.29668263965275454,-1.6464498634247213,1.682406308802598,0.50106593059378,-0.24581082193574977,0.4350950780566177,0.7560410227392013,-0.7433123073902296,-1.2813153133288147,-0.4808803134154954,-0.08700613109937066,1.354199968237355,-0.7881545385368995,1.4258883243092715
-0.21353504618415556,-0.6874174455170888,-1.0573646474983787,1.3008001145746202,-0.41302644075961664,-0.0476779410461181,-0.7350310026000114,0.7794632749249023,0.4468274831097845,1.4065562241935414,-0.39741628582367305,1.1224819152342431,-0.8367786436584476,0.6375947181355901,-1.4565138473835078
0.7657819376385198,0.13082720676351728,0.17278389164192526,0.5018121454097909,-1.6950797243103555,1.4138475997883189,0.5808812782695747,1.5758198492387419,-1.7934356519490657,1.221185773329931,-1.278425465959576,-0.27323137257811,1.0983360798413169,0.013247004429336446,-0.015312761537118044
-0.2763117759163783,-1.6757466603504048,-0.13042173420251585,1.0801840335365702,-1.0985957192746643,-0.7443349023125855,0.04761070380638966,-1.3402505478810527,-1.023345199272586,1.4528988369094442,-0.03573883292577608,0.28778680772576476,1.6238943370872325,-1.4334691530765722,1.4258883243092715
0.05012721869118012,0.7330184958014914,0.22476199892954357,-1.4777699871478447,-0.11478443824177097,0.16759650770091009,-0.036791833159006644,-0.8718055041670295,-0.8133205303608186,-1.698398827771939,-1.324794370177255,-1.0091529243337145,1.048776858215057,0.27882774831931,0.7052877813860767
1.0294442025138546,-1.344771295382969,-0.18239984149013444,-0.8099591472488833,0.609517567872997,-1.5095581350086391,0.8916360734603513,0.9199967880391096,-1.6534192060078874,0.5260465825913906,0.4557715517816224,-0.5394905228684665,1.1571156217701362,0.7843630239695228,-1.4565138473835078
-0.20097970023771083,-1.570018418763585,-0.22571493089648317,-0.3210262108942865,-0.28133516692056804,-0.1637677316389691,1.256101573992744,-1.586184195830915,-1.233369868184353,-1.6520562150560363,-0.42523762835428053,-0.7085377546510537,-1.279354018181324,1.073240324341073,-1.4565138473835078
0.6653391700669629,-0.5678985637232924,-0.2950190739466412,-1.3585180514516015,0.9309992069506746,0.13733277410440312,-1.375722987746428,-0.8952277563527308,1.1469097128156753,-1.37400053876062,1.559351472162385,0.484943509920237,-0.26627132493755223,0.3533767290603552,-1.4565138473835078
-1.0547432245959403,0.043486485452666146,-0.4596164136907662,1.008632872118824,1.1324093904692198,-0.7539105367708553,1.5822022849954112,-0.8600943780741789,0.9368850439039079,-1.5130283769083284,-0.7405461770344984,0.5216419851801981,0.4874898597967217,1.1384706824894875,1.4258883243092715
-0.7910809597206045,-1.1195241720023525,-1.4385374342742476,1.5810421634607912,-0.8778191719562591,1.2161875897361325,-1.2261003085804985,0.12364021372526998,0.5868439290509627,0.8967874843186119,0.576330702747588,-0.16860167715609298,0.1405753084129046,0.3743436298937742,0.7052877813860767
-0.1633136623983771,1.6707820298758933,-1.4385374342742476,1.7539574702203435,-0.6919020794776023,1.6425988674025416,1.0988059369208696,1.1542193098961213,1.7069754965803876,-0.44714828444256616,1.6891844039718864,1.5101583613314924,-1.2539981373492841,0.2601905031340487,-1.4565138473835078
0.7908926295314083,-1.5608246586256005,-1.455863470036787,-1.1677149543376126,0.36162811123478744,-0.42538352245564864,1.455598479547317,1.1659304359889715,0.02677814528625009,-0.44714828444256616,-0.11920286051759846,-0.1373689322539986,-1.381930081547303,-0.12187302316380799,1.4258883243092715
0.2761234457271816,-1.6389716197984676,-0.6761918607225099,-0.6310812437045186,1.0239577531900028,0.5902248186677557,-0.5240246601865208,-0.5790273518457649,-0.8133205303608186,0.5260465825913906,-0.2304882306400283,-0.2931422474531954,-1.3381335601101434,0.45821123322745005,1.4258883243092715
0.60256244033474,1.3719848253914024,1.1863569837504855,-0.6430064372741429,-0.486618623199085,-1.3868481526915521,-0.5623894497162464,1.32988620128888,-0.46327941550787344,1.684611900488958,-1.3155205893337192,1.056112332317292,-1.525997586274802,-1.3379532715021079,-0.015312761537118044
0.25101275383429306,-0.338054560273684,0.12946880223557655,1.610855147384852,-0.29295498520048396,-1.3400339397844554,1.6857872167256702,-0.520471721381512,-1.5134027600667093,0.4797039698754878,-0.0450126137693119,-1.3488090251439935,0.03799924504692539,-1.5266553790028787,1.4258883243092715
-0.9291897651314948,0.8249560971813348,0.69256496451811,-1.0544256154261817,-1.1566948106742445,1.2131139292927373,-0.3744019810205913,0.685774266182098,0.9368850439039079,1.7772971259207633,0.11264166057079704,1.134584603883805,1.306945826686735,1.2269975971194786,-0.7359133044603129
1.8329863430863063,-0.7379831262760025,-1.187309915717425,-1.1319393736287398,1.0781835718296113,-1.454941553283693,1.7164790483494505,-0.88351663025988,1.4269426046980318,0.20164829358007164,1.2347691426386311,1.1252147804131767,1.0937259196900366,0.5770236712834909,0.7052877813860767
-0.41442058132726806,1.2340784233216373,-0.5202575388596544,-0.4045025658816566,0.5746581130332487,-0.5385178703144657,-0.3935843757854541,1.7749089928172017,0.37681926013919537,0.9431300970345147,-1.3433419318643267,-0.7561676906267479,1.2942678862707149,0.6026498834132251,0.7052877813860767
0.5272303646560726,-0.9402458493116581,1.740790128151749,-1.1975279382616735,-0.2038697117211276,-0.4848470302644104,1.1448436843565402,1.4235752100316843,-1.7934356519490657,1.5455840623412498,0.4094026475639433,0.2440609648628321,-0.39650834921121114,1.4413259167499837,1.4258883243092715
-0.17586900834482183,0.1859897675914231,-0.33833416335298977,1.2471367435113103,-0.5834504421983855,-1.6314405933601965,-0.7427039605059566,1.7514867406315007,1.1469097128156753,0.43336135715958507,-1.4731748636738282,0.6083128522835104,0.9485058749247179,0.8682306273031987,1.4258883243092715
-0.037760202933931626,-1.2988024946930472,-0.43362736004695696,1.1755855820935648,1.3454393922676808,0.49056728967613306,-0.5547164918103015,-0.2159824429673969,1.2869261587568537,0.8504448716027092,-0.16557176473527757,-0.80301680797989,0.25121915204362366,-0.7532097038145346,-1.4565138473835078
-0.037760202933931626,-1.4413057768318045,-0.1390847520837857,-0.33295140446391075,-0.2619688031207079,1.3673880400093061,-1.1225153768502394,-0.3799382082673051,0.5868439290509627,-1.698398827771939,0.7896276621489119,-1.316014642996794,-1.0361680702013059,0.1646746215595845,1.4258883243092715
-0.37675454348793436,-0.6414486448271672,-0.5895616819098124,0.19771970938437125,-1.1760611744741047,0.12030942395636793,0.4159126832917549,0.5569518791607414,0.726860374992141,-0.5398335098743716,0.0477251946660463,-1.7189170522338146,0.817116310613239,-0.7625283264071653,-0.015312761537118044
0.8160033214242978,-0.7149987259310416,0.40668537443620834,1.1040344206758188,0.05563956319699789,-0.5757564487632927,-1.0764776294145688,0.08850683544671815,1.6369672736097984,-0.6788613480220795,-1.120771191619467,-0.6968254753127683,-0.7526432208975883,0.8705602829513563,0.7052877813860767
2.0840932620151973,1.6294101092549642,0.69256496451811,-0.8815103086666292,0.8883932065909821,-1.1651899476390108,-0.7158486078351486,0.4515517443250863,-0.25325474659610603,0.20164829358007164,1.1049362108291299,-0.9541052114437726,0.3618629956743427,-1.3146567150205313,1.4258883243092715
1.757654267407639,1.2432721834596219,0.051501641304148645,0.20368230616918306,1.2447343005084082,0.07455917043352339,1.5438374954656855,0.6272186357178451,0.6568521520215519,-0.8642317988856903,1.2904118276998462,0.5575596418176066,0.4045069770736822,1.0196582444334468,-0.7359133044603129
1.2428850836034122,1.2248846631836536,-1.2046359514799643,-0.953061470084375,1.275720482588184,0.2807308555597272,-1.3872324246053456,1.3884418317531328,1.5669590506392093,-0.6325187353061769,1.253316704325703,0.8952636960715047,-0.3515592877362316,-1.489380888632356,0.7052877813860767
0.4142322511380718,-0.35184520048066037,0.4586634817238269,0.07250517690331588,-1.4316971766322582,-0.34700518114907,1.7433344010202585,-0.8483832519813284,-0.25325474659610603,-0.6325187353061769,0.44649777093808657,-1.4612469067915341,-0.5567114144681898,-0.3525089323314166,-0.015312761537118044
-0.5525293867381583,-0.6092704843442219,1.281650180444453,-1.0723134057806183,0.6250106589128848,1.1503403256218576,-0.178741554418991,-1.1411614043025928,-1.6534192060078874,-0.030064769999442034,0.8267227855230551,0.26553347698302215,0.4402357182461022,0.5117933131350763,-0.015312761537118044
-0.6278614624168253,-0.48975160255042544,0.8225102327371562,1.3723512759923657,-1.6059944508309991,-0.698939301917825,0.30849127260852327,0.8263077792963048,-0.25325474659610603,-1.2813153133288147,-1.1300449724630028,-0.9990022822405336,-0.6062706360944494,1.4203590159165647,0.7052877813860767
0.1756806781556256,-0.32886080013569957,-0.1390847520837857,-1.2333035189705464,0.9619853890304507,1.450495089690339,-1.022766924072953,-0.9069388824455813,0.4468274831097845,0.618731808023196,-0.11920286051759846,-0.15181407677121708,0.28003265298912344,0.6608912746171667,-0.015312761537118044
1.2177743917105228,0.5997089738007182,1.0044336082438208,-0.8993980990210656,1.2408610277484362,1.0441808226153604,0.7228309995295593,1.5055530926816387,-1.5134027600667093,-1.0496022497493012,-0.6292608069120685,1.0022358473611792,-0.4598980512913106,-0.4899586155727187,0.7052877813860767
1.4939920025323032,0.02509896517669721,0.19877294528573458,-0.8874729054514413,0.6288839316728572,-1.59337449094584,1.5400010165127132,1.6226643536101444,1.4269426046980318,-0.771546573453885,-0.6292608069120685,1.704972607658308,0.11982958773214465,1.308535544804997,1.4258883243092715
-0.17586900834482183,-1.0873460115194074,1.1690309479879457,1.378313872777178,0.295782474315263,-0.026516971070435484,0.6307555046582177,-1.6564509523880184,1.3569343817274426,-0.7252039607379823,0.9101868131148776,1.4270011780296656,1.412979510166174,-0.30358616372010566,0.7052877813860767
-1.0421878786494956,-0.6966112056550731,-0.18239984149013444,1.4975658084734211,-1.5246557228715865,-1.0989880303966517,-1.0112574872140354,-0.9772056390026848,0.4468274831097845,-0.9105744116015931,1.4666136637270266,1.0190234477460547,-1.7115565323638204,0.6841878310987433,-0.7359133044603129
0.652783824120518,0.2825242490402587,1.2556611268006432,-1.6506852939073973,-0.06830516512210688,0.3640743406594828,1.0220763578614185,1.7749089928172017,1.4969508276686203,-1.4203431514765228,-1.6771980422316162,-1.3976101890535162,-1.4983366253671222,-0.05198335371907811,1.4258883243092715
-0.4520866191666018,-0.6782236853791044,1.6195078778139729,0.5495129196882884,1.4112850291872048,0.2512946459287497,-1.5099997511004675,-0.8015387476099259,0.3068110371686066,0.8041022588868064,0.5856044835911238,-1.3359255178718794,-0.9670156679321065,1.4972376523057676,0.7052877813860767
0.3765662132987386,0.6778559349735852,1.298976216206992,0.03672959619444286,-0.5563375328785816,0.9511434853479738,-1.3488676350756201,0.5335296269750404,0.23680281419801746,0.9431300970345147,0.9658294981760924,-0.9138930523823259,-1.0834222117519257,-1.6804126517812843,-1.4565138473835078
2.00876118633653,-0.34724832041166814,-0.3643232169967991,-0.7205201954767009,0.8302941151914017,-1.2222891012605455,1.5438374954656855,0.7091965183677991,-1.7934356519490657,1.313870998761736,0.17755812647554778,0.23351991345837497,-0.016170136730614373,-0.6064413979806018,-0.015312761537118044
-1.0170771867566064,-0.9816177699325875,-0.6328767713161612,0.36467241935911143,-0.056685346842190655,-1.4726742096878962,0.8225794523068455,-0.157426812503144,1.7069754965803876,-0.4934908971584689,0.7061636345570895,0.8585652208115436,-0.7756940216539882,-1.703709208262861,1.4258883243092715
0.5900070943882954,-1.0551678510364624,0.7618691075682681,-1.453919600008596,0.34613502019489917,-1.0989880303966517,-0.6583014235405603,0.5452407530678907,0.726860374992141,1.5919266750571524,-1.732840727292831,1.0350302295083784,1.2066748433963959,-0.8091214393703186,-0.015312761537118044
-1.0547432245959403,-1.491871457590718,-0.7108439322475889,0.13809374153624968,1.0936766628694996,0.7123437124380358,-1.3833959456523732,-1.5042063131809609,-1.023345199272586,-0.7252039607379823,-0.7869150812521775,-1.0392144413019804,0.9162347538657581,-1.2890305028907971,1.4258883243092715
-1.19285203000683,0.7697935363534286,-1.386559326986629,-1.2154157286161098,-1.1063422647946084,0.7880030464293033,-0.2669805703373599,-1.1411614043025928,0.5868439290509627,0.2943335190118769,-0.4716065325719596,-1.5932052540028838,1.2942678862707149,1.49490799665761,-1.4565138473835078
-0.20097970023771083,-0.3610389606186449,-0.9187563613980628,-0.4820163240842147,-1.0133837185552799,0.5719010737167456,1.1985543896981556,-0.9069388824455813,-1.5134027600667093,0.06262045543236344,1.142031334203273,1.019413857057331,0.4148798374140622,0.5467381478574412,1.4258883243092715
0.0375718727447354,0.7514060160774597,-0.22571493089648317,-0.10041012985623678,-0.2232360755209877,0.09962132481813074,1.4709443953592074,-0.9772056390026848,-0.8133205303608186,1.313870998761736,0.001356290448367198,-1.0634198186011037,-0.5555588744303698,1.2339865640639518,-1.4565138473835078
1.4186599268536357,1.220287783114661,-0.5808986640285427,-1.0425004218565574,-0.3355609855601763,-0.3491330999175744,-1.0304398819788982,1.3181750751960293,-0.11323830065492778,-0.3544630590107607,1.5778990338494565,-0.4438402416058018,1.6561654581461922,-1.1329435744642335,-0.7359133044603129
-1.5569570624537221,0.7468091360084678,1.4982256274761965,1.6168177441696643,-0.1845033479212675,0.4750807697497955,1.1563531212154579,-1.0474723955597882,0.8668768209333189,0.8967874843186119,-0.7498199578780342,-1.6201434964809405,0.6050489436543607,0.07614770692959334,0.7052877813860767
-1.1551859921674967,1.1467377020107865,0.3027291598609715,1.2471367435113103,0.2609230194755149,-1.6542566112669381,-0.5163517022805759,-1.5159174392738115,0.726860374992141,0.4797039698754878,0.5206880176863731,-0.7440650019771864,1.1651834020348761,1.4832597184168217,1.4258883243092715
0.21334671599495889,-0.2507138389628329,-0.12175871632124628,1.4200520502708633,-0.056685346842190655,-0.9579543031285547,-0.48949634960976796,0.9902635445962128,-0.39327119253728426,-0.5398335098743716,1.4666136637270266,0.3030127708655358,-0.0899326991510935,1.3877438368423574,0.7052877813860767
1.4437706187465251,0.562933933248781,0.06882767706668838,-1.2333035189705464,0.869026842791122,-1.5691398605267621,-0.9115090344367489,-1.1762947825811447,0.3068110371686066,1.6382692877730551,-0.0450126137693119,-1.1434537274127212,-1.3796250014716631,0.9544278862850322,-0.7359133044603129
-0.9794111489172728,-1.5148558579356788,0.6059347857054126,1.1219222110302554,0.028526653877193636,-1.1101004950766191,-1.015093966167008,0.5920852574392932,1.4269426046980318,-1.188630087897009,0.7896276621489119,-1.3386583830508125,-0.7030839992713287,-0.21738890473827216,-0.015312761537118044
-0.05031554888037635,1.5052943473921756,-0.502931503097115,-0.7085950019070767,1.1905084818688,-0.7470539096278966,0.31616423051446846,1.0605303011533165,-0.32326296956669515,0.24799090629597412,1.448066102039955,1.611274372952024,0.8839636328067986,1.1408003381376453,-1.4565138473835078
-0.2637564299699336,0.425027531179016,-0.5289205567409243,-0.7145575986918888,1.1362826632291916,0.9045657078595997,-1.3680500298404827,1.3064639491031784,0.23680281419801746,0.0162778427164607,-0.41596384751074467,-0.416511589816469,0.2950156734807831,1.3201838230457852,1.4258883243092715
0.7908926295314083,-0.7379831262760025,0.9784445546000117,-0.0228963716536787,1.020084480430031,-1.1166024690914937,-0.9575467818724197,-1.0474723955597882,-1.303378091154942,1.7309545132048607,0.8730916897407343,0.8320173876447633,0.19013453003916403,-0.19176269260853787,1.4258883243092715
1.4688813106394136,-1.1195241720023525,-0.8494522183479049,0.6389518714604707,1.4577643023068692,-0.39642018366211657,0.8340888891657631,-0.12229343422459239,0.37681926013919537,-0.030064769999442034,-1.065128506558252,-1.5713423325714175,-0.48525393212335044,-1.4334691530765722,1.4258883243092715
0.60256244033474,1.059396980699935,-1.68976495283107,-0.798033953679259,-0.2774618941605959,0.014386356368593487,-0.2631440913843873,0.7091965183677991,-0.8133205303608186,-0.7252039607379823,-0.7034510536603551,-0.5469082997827142,0.23623613155196363,1.4692817845278756,1.4258883243092715
0.1756806781556256,-0.6782236853791044,-0.6068877176723518,0.33485943543505065,1.364805756067541,1.6047692004069078,-0.8999995975778313,-0.6258718562171672,1.3569343817274426,0.20164829358007164,-1.640102918857473,1.6339181130060425,-0.7549483009732283,0.5257712470240222,1.4258883243092715
-0.9668558029708285,-0.4851547224814332,1.073737751293979,1.533341389182294,-0.842959717116511,0.816848167513474,-1.5330186248183029,-1.0123390172812365,1.4269426046980318,0.0162778427164607,-1.6493766997010086,1.403967028664371,-0.8494565840744674,-1.0560649380750307,-0.015312761537118044
2.3728662187834217,0.1032459263495642,0.2940661419797016,-0.613193453350082,1.6398081220255543,-1.2516070931821615,1.5822022849954112,-1.2582726652310987,-1.303378091154942,-0.4934908971584689,-0.14702420304820593,-1.1485290484593116,-0.6927111389309487,-0.07527991020065473,1.4258883243092715
0.7657819376385198,-1.1976711331752194,-0.5895616819098124,-1.5373959549959662,0.28416265603534707,0.32317101322045383,1.1218248106387045,-0.4150715865458569,0.5868439290509627,1.1748431606140284,-0.41596384751074467,0.22571172723285132,0.4794220795319816,-1.7409836986333835,-1.4565138473835078
0.32634482951296057,1.459325546702254,-0.2430409666590226,0.37659761292873595,1.7211468499849665,1.0373241954724017,-0.5777353655281369,-0.7781164954242249,-0.04323007768433904,-0.4008056717266634,-0.8518315471569282,0.9272772595961518,0.448303498510842,-1.1772070317792291,-0.7359133044603129
1.4186599268536357,0.622693374145679,1.584855806288894,0.03672959619444286,0.9193793886707586,1.4340628280891106,1.559183411277576,-1.3988061783453056,-0.39327119253728426,0.5723891953072933,0.8081752238359835,0.7629149395488788,-1.4291842230979228,1.6370169911952275,-0.7359133044603129
0.25101275383429306,0.24115232841932924,-0.5808986640285427,0.8357175653592717,1.4887504843866453,1.042052903846856,-1.091823545226459,0.41641836604653454,-0.32326296956669515,0.4797039698754878,-0.0450126137693119,-0.8303454597692227,-0.9750834481968464,0.46752985582008066,0.7052877813860767
0.5272303646560726,1.5880381886340345,-0.3036820918279108,-1.5433585517807784,-1.6912064515503835,-1.624938619345322,0.5616988835047119,0.42812949213938484,1.6369672736097984,0.8504448716027092,-0.555070560163782,1.5125008171991496,0.8793534726555186,0.2881463709119407,-0.7359133044603129
-0.6278614624168253,-0.45757344206748046,0.857162304262235,1.682406308802598,1.430651392987065,0.7710979139906294,-0.017609438394143875,-1.668162078480869,1.6369672736097984,-0.6788613480220795,0.07554653719665376,-0.7936469845092616,0.6384726047511404,-0.515584827702453,-0.015312761537118044
0.21334671599495889,0.40204313083405513,1.03042266188763,0.5912510971819732,1.6398081220255543,0.5411644692827932,-1.5023267931945223,-1.4690729349024092,-1.233369868184353,1.4528988369094442,-1.528817548735043,0.79961341480884,-0.42532185015671087,1.4692817845278756,1.4258883243092715
-0.33908850564860105,0.5261588926968438,0.8138472148558864,1.5094910020430456,-0.5059849869989451,-0.3179236246461766,-1.6481129934074794,-1.2231392869525468,-0.8833287533314076,-0.26177783357895545,-1.3711632743949342,1.1962692750654416,0.4644390590403219,0.4232663985050851,-0.7359133044603129
-0.590195424577492,-0.32886080013569957,-1.5424936488494845,1.3485008888531171,-0.7500011708771825,1.3731807077680125,1.5553469323246036,-0.6492941084028686,-1.6534192060078874,-1.5593709896242307,-1.6122815763268654,-1.0087625150224382,-0.04152601756265403,0.27649809267115233,-0.015312761537118044
